date,onpromo_transactions,nopromo_transactions,onpromo_total_unit_sales,nopromo_total_unit_sales
2013-01-01,0,0,0,0
2013-01-02,0,0,0,0
2013-01-03,0,0,0,0
2013-01-04,0,0,0,0
2013-01-05,0,0,0,0
2013-01-06,0,0,0,0
2013-01-07,0,0,0,0
2013-01-08,0,0,0,0
2013-01-09,0,0,0,0
2013-01-10,0,0,0,0
2013-01-11,0,0,0,0
2013-01-12,0,0,0,0
2013-01-13,0,0,0,0
2013-01-14,0,0,0,0
2013-01-15,0,0,0,0
2013-01-16,0,0,0,0
2013-01-17,0,0,0,0
2013-01-18,0,0,0,0
2013-01-19,0,0,0,0
2013-01-20,0,0,0,0
2013-01-21,0,0,0,0
2013-01-22,0,0,0,0
2013-01-23,0,0,0,0
2013-01-24,0,0,0,0
2013-01-25,0,0,0,0
2013-01-26,0,0,0,0
2013-01-27,0,0,0,0
2013-01-28,0,0,0,0
2013-01-29,0,0,0,0
2013-01-30,0,0,0,0
2013-01-31,0,0,0,0
2013-02-01,0,0,0,0
2013-02-02,0,0,0,0
2013-02-03,0,0,0,0
2013-02-04,0,0,0,0
2013-02-05,0,0,0,0
2013-02-06,0,0,0,0
2013-02-07,0,0,0,0
2013-02-08,0,0,0,0
2013-02-09,0,0,0,0
2013-02-10,0,0,0,0
2013-02-11,0,0,0,0
2013-02-12,0,0,0,0
2013-02-13,0,0,0,0
2013-02-14,0,0,0,0
2013-02-15,0,0,0,0
2013-02-16,0,0,0,0
2013-02-17,0,0,0,0
2013-02-18,0,0,0,0
2013-02-19,0,0,0,0
2013-02-20,0,0,0,0
2013-02-21,0,0,0,0
2013-02-22,0,0,0,0
2013-02-23,0,0,0,0
2013-02-24,0,0,0,0
2013-02-25,0,0,0,0
2013-02-26,0,0,0,0
2013-02-27,0,0,0,0
2013-02-28,0,0,0,0
2013-03-01,0,0,0,0
2013-03-02,0,0,0,0
2013-03-03,0,0,0,0
2013-03-04,0,0,0,0
2013-03-05,0,0,0,0
2013-03-06,0,0,0,0
2013-03-07,0,0,0,0
2013-03-08,0,0,0,0
2013-03-09,0,0,0,0
2013-03-10,0,0,0,0
2013-03-11,0,0,0,0
2013-03-12,0,0,0,0
2013-03-13,0,0,0,0
2013-03-14,0,0,0,0
2013-03-15,0,0,0,0
2013-03-16,0,0,0,0
2013-03-17,0,0,0,0
2013-03-18,0,0,0,0
2013-03-19,0,0,0,0
2013-03-20,0,0,0,0
2013-03-21,0,0,0,0
2013-03-22,0,0,0,0
2013-03-23,0,0,0,0
2013-03-24,0,0,0,0
2013-03-25,0,0,0,0
2013-03-26,0,0,0,0
2013-03-27,0,0,0,0
2013-03-28,0,0,0,0
2013-03-29,0,0,0,0
2013-03-30,0,0,0,0
2013-03-31,0,0,0,0
2013-04-01,0,0,0,0
2013-04-02,0,0,0,0
2013-04-03,0,0,0,0
2013-04-04,0,0,0,0
2013-04-05,0,0,0,0
2013-04-06,0,0,0,0
2013-04-07,0,0,0,0
2013-04-08,0,0,0,0
2013-04-09,0,0,0,0
2013-04-10,0,0,0,0
2013-04-11,0,0,0,0
2013-04-12,0,0,0,0
2013-04-13,0,0,0,0
2013-04-14,0,0,0,0
2013-04-15,0,0,0,0
2013-04-16,0,0,0,0
2013-04-17,0,0,0,0
2013-04-18,0,0,0,0
2013-04-19,0,0,0,0
2013-04-20,0,0,0,0
2013-04-21,0,0,0,0
2013-04-22,0,0,0,0
2013-04-23,0,0,0,0
2013-04-24,0,0,0,0
2013-04-25,0,0,0,0
2013-04-26,0,0,0,0
2013-04-27,0,0,0,0
2013-04-28,0,0,0,0
2013-04-29,0,0,0,0
2013-04-30,0,0,0,0
2013-05-01,0,0,0,0
2013-05-02,0,0,0,0
2013-05-03,0,0,0,0
2013-05-04,0,0,0,0
2013-05-05,0,0,0,0
2013-05-06,0,0,0,0
2013-05-07,0,0,0,0
2013-05-08,0,0,0,0
2013-05-09,0,0,0,0
2013-05-10,0,0,0,0
2013-05-11,0,0,0,0
2013-05-12,0,0,0,0
2013-05-13,0,0,0,0
2013-05-14,0,0,0,0
2013-05-15,0,0,0,0
2013-05-16,0,0,0,0
2013-05-17,0,0,0,0
2013-05-18,0,0,0,0
2013-05-19,0,0,0,0
2013-05-20,0,0,0,0
2013-05-21,0,0,0,0
2013-05-22,0,0,0,0
2013-05-23,0,0,0,0
2013-05-24,0,0,0,0
2013-05-25,0,0,0,0
2013-05-26,0,0,0,0
2013-05-27,0,0,0,0
2013-05-28,0,0,0,0
2013-05-29,0,0,0,0
2013-05-30,0,0,0,0
2013-05-31,0,0,0,0
2013-06-01,0,0,0,0
2013-06-02,0,0,0,0
2013-06-03,0,0,0,0
2013-06-04,0,0,0,0
2013-06-05,0,0,0,0
2013-06-06,0,0,0,0
2013-06-07,0,0,0,0
2013-06-08,0,0,0,0
2013-06-09,0,0,0,0
2013-06-10,0,0,0,0
2013-06-11,0,0,0,0
2013-06-12,0,0,0,0
2013-06-13,0,0,0,0
2013-06-14,0,0,0,0
2013-06-15,0,0,0,0
2013-06-16,0,0,0,0
2013-06-17,0,0,0,0
2013-06-18,0,0,0,0
2013-06-19,0,0,0,0
2013-06-20,0,0,0,0
2013-06-21,0,0,0,0
2013-06-22,0,0,0,0
2013-06-23,0,0,0,0
2013-06-24,0,0,0,0
2013-06-25,0,0,0,0
2013-06-26,0,0,0,0
2013-06-27,0,0,0,0
2013-06-28,0,0,0,0
2013-06-29,0,0,0,0
2013-06-30,0,0,0,0
2013-07-01,0,0,0,0
2013-07-02,0,0,0,0
2013-07-03,0,0,0,0
2013-07-04,0,0,0,0
2013-07-05,0,0,0,0
2013-07-06,0,0,0,0
2013-07-07,0,0,0,0
2013-07-08,0,0,0,0
2013-07-09,0,0,0,0
2013-07-10,0,0,0,0
2013-07-12,0,0,0,0
2013-07-14,0,0,0,0
2013-07-15,0,0,0,0
2013-07-17,0,0,0,0
2013-07-19,0,0,0,0
2013-07-20,0,0,0,0
2013-07-22,0,0,0,0
2013-07-31,0,0,0,0
2013-08-01,0,0,0,0
2013-08-02,0,0,0,0
2013-08-08,0,0,0,0
2013-08-09,0,0,0,0
2013-08-10,0,0,0,0
2013-08-11,0,0,0,0
2013-08-12,0,0,0,0
2013-08-13,0,0,0,0
2013-08-17,0,0,0,0
2013-09-04,0,0,0,0
2013-09-25,0,0,0,0
2013-09-26,0,0,0,0
2013-09-27,0,0,0,0
2013-09-28,0,0,0,0
2013-09-29,0,0,0,0
2013-09-30,0,0,0,0
2013-10-01,0,0,0,0
2013-10-02,0,0,0,0
2013-10-03,0,0,0,0
2013-10-04,0,0,0,0
2013-10-05,0,0,0,0
2013-10-06,0,0,0,0
2013-10-07,0,0,0,0
2013-10-08,0,0,0,0
2013-10-09,0,0,0,0
2013-10-10,0,0,0,0
2013-10-11,0,0,0,0
2013-10-12,0,0,0,0
2013-10-13,0,0,0,0
2013-10-14,0,0,0,0
2013-10-15,0,0,0,0
2013-10-16,0,0,0,0
2013-10-17,0,0,0,0
2013-10-18,0,0,0,0
2013-10-19,0,0,0,0
2013-10-20,0,0,0,0
2013-10-21,0,0,0,0
2013-10-22,0,0,0,0
2013-10-23,0,0,0,0
2013-10-24,0,0,0,0
2013-10-25,0,0,0,0
2013-10-26,0,0,0,0
2013-10-27,0,0,0,0
2013-10-28,0,0,0,0
2013-10-29,0,0,0,0
2013-10-30,0,0,0,0
2013-10-31,0,0,0,0
2013-11-01,0,0,0,0
2013-11-02,0,0,0,0
2013-11-03,0,0,0,0
2013-11-04,0,0,0,0
2013-11-05,0,0,0,0
2013-11-06,0,0,0,0
2013-11-07,0,0,0,0
2013-11-08,0,0,0,0
2013-11-09,0,0,0,0
2013-11-10,0,0,0,0
2013-11-11,0,0,0,0
2013-11-12,0,0,0,0
2013-11-13,0,0,0,0
2013-11-14,0,0,0,0
2013-11-15,0,0,0,0
2013-11-16,0,0,0,0
2013-11-17,0,0,0,0
2013-11-18,0,0,0,0
2013-11-19,0,0,0,0
2013-11-20,0,0,0,0
2013-11-21,0,0,0,0
2013-11-22,0,0,0,0
2013-11-23,0,0,0,0
2013-11-24,0,0,0,0
2013-11-25,0,0,0,0
2013-11-26,0,0,0,0
2013-11-27,0,0,0,0
2013-11-28,0,0,0,0
2013-11-29,0,0,0,0
2013-11-30,0,0,0,0
2013-12-01,0,0,0,0
2013-12-02,0,0,0,0
2013-12-03,0,0,0,0
2013-12-04,0,0,0,0
2013-12-05,0,0,0,0
2013-12-06,0,0,0,0
2013-12-07,0,0,0,0
2013-12-08,0,0,0,0
2013-12-09,0,0,0,0
2013-12-10,0,0,0,0
2013-12-11,0,0,0,0
2013-12-12,0,0,0,0
2013-12-13,0,0,0,0
2013-12-14,0,0,0,0
2013-12-15,0,0,0,0
2013-12-16,0,0,0,0
2013-12-17,0,0,0,0
2013-12-18,0,0,0,0
2013-12-19,0,0,0,0
2013-12-20,0,0,0,0
2013-12-21,0,0,0,0
2013-12-22,0,0,0,0
2013-12-23,0,0,0,0
2013-12-24,0,0,0,0
2013-12-26,0,0,0,0
2013-12-27,0,0,0,0
2013-12-28,0,0,0,0
2013-12-29,0,0,0,0
2013-12-30,0,0,0,0
2013-12-31,0,0,0,0
2014-01-01,0,0,0,0
2014-01-02,0,0,0,0
2014-01-03,0,0,0,0
2014-01-04,0,0,0,0
2014-01-05,0,0,0,0
2014-01-06,0,0,0,0
2014-01-07,0,0,0,0
2014-01-08,0,0,0,0
2014-01-09,0,0,0,0
2014-01-10,0,0,0,0
2014-01-11,0,0,0,0
2014-01-12,0,0,0,0
2014-01-13,0,0,0,0
2014-01-14,0,0,0,0
2014-01-15,0,0,0,0
2014-01-16,0,0,0,0
2014-01-17,0,0,0,0
2014-01-18,0,0,0,0
2014-01-19,0,0,0,0
2014-01-20,0,0,0,0
2014-01-21,0,0,0,0
2014-01-22,0,0,0,0
2014-01-23,0,0,0,0
2014-01-24,0,0,0,0
2014-01-25,0,0,0,0
2014-01-26,0,0,0,0
2014-01-27,0,0,0,0
2014-01-28,0,0,0,0
2014-01-29,0,0,0,0
2014-01-30,0,0,0,0
2014-01-31,0,0,0,0
2014-02-01,0,0,0,0
2014-02-02,0,0,0,0
2014-02-03,0,0,0,0
2014-02-04,0,0,0,0
2014-02-05,0,0,0,0
2014-02-06,0,0,0,0
2014-02-07,0,0,0,0
2014-02-08,0,0,0,0
2014-02-09,0,0,0,0
2014-02-10,0,0,0,0
2014-02-11,0,0,0,0
2014-02-12,0,0,0,0
2014-02-13,0,0,0,0
2014-02-14,0,0,0,0
2014-02-15,0,0,0,0
2014-03-07,0,0,0,0
2014-03-16,0,0,0,0
2014-03-17,0,0,0,0
2014-03-18,0,0,0,0
2014-03-19,0,0,0,0
2014-03-20,0,0,0,0
2014-03-21,0,0,0,0
2014-03-22,0,0,0,0
2014-03-23,0,0,0,0
2014-03-24,0,0,0,0
2014-03-25,0,0,0,0
2014-03-26,0,0,0,0
2014-03-27,0,0,0,0
2014-03-28,0,0,0,0
2014-03-29,0,0,0,0
2014-03-30,0,0,0,0
2014-03-31,0,0,0,0
2014-04-01,0,47,0,1348
2014-04-02,0,44,0,1237
2014-04-03,0,45,0,954
2014-04-04,0,47,0,975
2014-04-05,0,47,0,1459
2014-04-06,0,47,0,1518
2014-04-07,0,47,0,925
2014-04-08,0,46,0,827
2014-04-09,0,46,0,742
2014-04-10,0,46,0,707
2014-04-11,0,46,0,782
2014-04-12,0,45,0,1174
2014-04-13,0,44,0,1317
2014-04-14,0,46,0,1117
2014-04-15,0,45,0,1039
2014-04-16,0,45,0,1369
2014-04-17,0,45,0,1324
2014-04-18,0,45,0,1031
2014-04-19,0,46,0,1241
2014-04-20,0,45,0,1157
2014-04-21,0,41,0,987
2014-04-22,0,37,0,620
2014-04-23,0,34,0,631
2014-04-24,0,30,0,431
2014-04-25,0,29,0,352
2014-04-26,0,27,0,408
2014-04-27,0,39,0,882
2014-04-28,0,40,0,770
2014-04-29,0,45,0,789
2014-04-30,1,43,8,651
2014-05-01,1,42,15,1012
2014-05-02,0,43,0,738
2014-05-03,0,44,0,1029
2014-05-04,0,44,0,1167
2014-05-05,0,44,0,721
2014-05-06,0,43,0,646
2014-05-07,0,44,0,621
2014-05-08,0,44,0,466
2014-05-09,0,43,0,581
2014-05-10,0,45,0,900
2014-05-11,0,43,0,620
2014-05-12,0,42,0,485
2014-05-13,0,42,0,456
2014-05-14,1,42,6,449
2014-05-15,1,40,11,379
2014-05-16,0,41,0,438
2014-05-17,1,41,12,640
2014-05-18,0,45,0,771
2014-05-19,0,45,0,476
2014-05-20,2,42,22,460
2014-05-21,0,45,0,451
2014-05-22,0,42,0,308
2014-05-23,1,43,8,345
2014-05-24,0,44,0,582
2014-05-25,1,42,12,667
2014-05-26,0,42,0,434
2014-05-27,0,42,0,298
2014-05-28,0,43,0,336
2014-05-29,0,42,0,351
2014-05-30,0,44,0,386
2014-05-31,1,44,14,668
2014-06-01,0,46,0,1033
2014-06-02,0,45,0,806
2014-06-03,0,45,0,574
2014-06-04,0,40,0,442
2014-06-05,0,42,0,438
2014-06-06,1,41,13,395
2014-06-07,0,43,0,631
2014-06-08,1,40,21,641
2014-06-09,0,42,0,462
2014-06-10,0,41,0,423
2014-06-11,0,43,0,402
2014-06-12,1,42,14,309
2014-06-13,0,45,0,402
2014-06-14,0,43,0,683
2014-06-15,0,41,0,434
2014-06-16,1,41,14,468
2014-06-17,0,43,0,404
2014-06-18,0,41,0,348
2014-06-19,1,42,6,334
2014-06-20,1,43,11,313
2014-06-21,1,43,5,555
2014-06-22,0,45,0,632
2014-06-23,0,44,0,454
2014-06-24,0,43,0,393
2014-06-25,1,42,6,351
2014-06-26,1,41,13,315
2014-06-27,0,46,0,307
2014-06-28,0,45,0,561
2014-06-29,1,43,14,617
2014-06-30,1,44,9,515
2014-07-01,1,43,9,661
2014-07-02,0,45,0,711
2014-07-03,0,45,0,547
2014-07-04,1,43,16,675
2014-07-05,1,45,9,957
2014-07-06,1,43,16,877
2014-07-07,0,41,0,569
2014-07-08,1,43,8,536
2014-07-09,0,44,0,417
2014-07-10,0,41,0,427
2014-07-11,0,41,0,452
2014-07-12,0,46,0,673
2014-07-13,0,46,0,695
2014-07-14,0,43,0,544
2014-07-15,0,45,0,583
2014-07-16,0,45,0,605
2014-07-17,0,45,0,509
2014-07-18,3,40,36,460
2014-07-19,1,45,6,689
2014-07-20,0,45,0,769
2014-07-21,0,45,0,723
2014-07-22,0,44,0,560
2014-07-23,1,44,9,509
2014-07-24,1,45,11,418
2014-07-25,0,47,0,447
2014-07-26,1,47,10,669
2014-07-27,2,46,18,694
2014-07-28,0,47,0,524
2014-07-29,1,47,14,500
2014-07-30,0,48,0,579
2014-07-31,1,47,6,612
2014-08-01,0,47,0,830
2014-08-02,1,47,32,1065
2014-08-03,2,45,25,1103
2014-08-04,1,43,8,756
2014-08-05,0,45,0,738
2014-08-06,1,45,11,626
2014-08-07,1,45,14,547
2014-08-08,1,45,6,628
2014-08-09,1,45,27,803
2014-08-10,1,45,32,815
2014-08-11,1,46,16,686
2014-08-12,1,46,5,570
2014-08-13,0,47,0,580
2014-08-14,1,46,10,549
2014-08-15,0,47,0,592
2014-08-16,2,45,13,840
2014-08-17,0,47,0,945
2014-08-18,0,46,0,722
2014-08-19,0,47,0,630
2014-08-20,0,47,0,639
2014-08-21,1,46,12,533
2014-08-22,1,46,5,550
2014-08-23,0,46,0,749
2014-08-24,0,46,0,840
2014-08-25,0,47,0,583
2014-08-26,0,47,0,556
2014-08-27,2,45,13,503
2014-08-28,1,45,7,484
2014-08-29,1,45,12,578
2014-08-30,0,47,0,1008
2014-08-31,1,46,8,1147
2014-09-01,0,47,0,977
2014-09-02,0,46,0,845
2014-09-03,0,46,0,760
2014-09-04,0,46,0,541
2014-09-05,1,45,9,563
2014-09-06,0,47,0,884
2014-09-07,0,45,0,996
2014-09-08,0,47,0,661
2014-09-09,0,46,0,543
2014-09-10,0,45,0,534
2014-09-11,1,46,15,415
2014-09-12,1,47,30,515
2014-09-13,0,47,0,773
2014-09-14,0,48,0,821
2014-09-15,0,46,0,597
2014-09-16,0,47,0,640
2014-09-17,0,48,0,535
2014-09-18,1,46,16,443
2014-09-19,0,48,0,518
2014-09-20,2,46,31,779
2014-09-21,0,47,0,873
2014-09-22,0,46,0,525
2014-09-23,1,46,9,555
2014-09-24,0,48,0,488
2014-09-25,0,48,0,423
2014-09-26,1,46,15,534
2014-09-27,0,48,0,786
2014-09-28,1,47,9,903
2014-09-29,2,46,15,504
2014-09-30,0,48,0,729
2014-10-01,0,48,0,895
2014-10-02,0,48,0,839
2014-10-03,0,46,0,722
2014-10-04,1,47,14,1035
2014-10-05,0,48,0,1040
2014-10-06,0,47,0,652
2014-10-07,1,46,13,595
2014-10-08,2,45,29,561
2014-10-09,0,48,0,522
2014-10-10,0,48,0,668
2014-10-11,0,48,0,744
2014-10-12,0,48,0,884
2014-10-13,0,47,0,561
2014-10-14,0,47,0,537
2014-10-15,1,46,11,575
2014-10-16,1,45,14,536
2014-10-17,0,48,0,558
2014-10-18,1,47,7,791
2014-10-19,0,48,0,968
2014-10-20,1,47,16,774
2014-10-21,0,47,0,561
2014-10-22,1,46,1,478
2014-10-23,0,48,0,486
2014-10-24,1,47,30,482
2014-10-25,2,46,34,741
2014-10-26,0,48,0,863
2014-10-27,0,47,0,527
2014-10-28,0,48,0,501
2014-10-29,1,47,12,505
2014-10-30,0,48,0,573
2014-10-31,0,48,0,656
2014-11-01,0,47,0,1162
2014-11-02,1,46,10,831
2014-11-03,1,46,11,1113
2014-11-04,0,48,0,785
2014-11-05,1,46,9,670
2014-11-06,1,46,6,593
2014-11-07,0,48,0,537
2014-11-08,1,45,11,894
2014-11-09,0,47,0,968
2014-11-10,0,47,0,611
2014-11-11,0,48,0,572
2014-11-12,2,45,26,673
2014-11-13,1,47,16,482
2014-11-14,0,48,0,506
2014-11-15,1,47,11,729
2014-11-16,0,48,0,950
2014-11-17,1,46,7,792
2014-11-18,1,47,8,547
2014-11-19,2,45,26,636
2014-11-20,0,48,0,475
2014-11-21,1,47,14,542
2014-11-22,1,46,12,685
2014-11-23,0,48,0,947
2014-11-24,0,48,0,572
2014-11-25,0,48,0,481
2014-11-26,0,48,0,502
2014-11-27,2,45,19,488
2014-11-28,0,48,0,526
2014-11-29,0,48,0,919
2014-11-30,0,48,0,1144
2014-12-01,0,48,0,980
2014-12-02,1,46,10,832
2014-12-03,0,47,0,684
2014-12-04,1,47,21,796
2014-12-05,1,47,16,733
2014-12-06,3,45,54,789
2014-12-07,2,45,29,1102
2014-12-08,2,46,25,962
2014-12-09,0,48,0,2125
2014-12-10,4,44,37,590
2014-12-11,1,47,15,518
2014-12-12,0,48,0,564
2014-12-13,2,46,21,814
2014-12-14,5,42,62,940
2014-12-15,1,47,16,745
2014-12-16,1,47,5,895
2014-12-17,1,47,8,888
2014-12-18,3,44,40,725
2014-12-19,2,46,46,812
2014-12-20,0,48,0,1194
2014-12-21,2,46,78,1485
2014-12-22,0,46,0,1302
2014-12-23,1,47,20,1612
2014-12-24,3,44,67,1495
2014-12-26,2,46,16,987
2014-12-27,4,44,45,776
2014-12-28,2,45,29,805
2014-12-29,5,42,46,797
2014-12-30,2,45,39,1053
2014-12-31,1,46,10,1002
2015-01-01,0,1,0,8
2015-01-02,3,44,40,840
2015-01-03,0,47,0,756
2015-01-04,0,48,0,980
2015-01-05,1,46,10,758
2015-01-06,3,44,24,590
2015-01-07,2,45,27,634
2015-01-08,1,46,13,507
2015-01-09,1,47,15,498
2015-01-10,1,47,10,646
2015-01-11,0,48,0,842
2015-01-12,1,47,13,482
2015-01-13,0,48,0,508
2015-01-14,2,46,8,417
2015-01-15,1,47,11,431
2015-01-16,3,45,27,456
2015-01-17,0,48,0,776
2015-01-18,0,48,0,869
2015-01-19,0,48,0,537
2015-01-20,0,47,0,514
2015-01-21,2,45,23,518
2015-01-22,0,48,0,516
2015-01-23,2,46,21,499
2015-01-24,0,48,0,702
2015-01-25,0,46,0,734
2015-01-26,0,48,0,584
2015-01-27,2,45,11,483
2015-01-28,0,46,0,466
2015-01-29,0,48,0,455
2015-01-30,0,47,0,583
2015-01-31,2,45,23,915
2015-02-01,1,46,22,1319
2015-02-02,0,47,0,805
2015-02-03,0,48,0,727
2015-02-04,1,45,14,694
2015-02-05,0,46,0,578
2015-02-06,0,47,0,631
2015-02-07,1,46,15,750
2015-02-08,0,46,0,848
2015-02-09,0,47,0,668
2015-02-10,0,47,0,541
2015-02-11,1,43,7,498
2015-02-12,1,45,14,465
2015-02-13,0,48,0,583
2015-02-14,2,47,21,628
2015-02-15,0,48,0,561
2015-02-16,0,48,0,477
2015-02-17,0,49,0,587
2015-02-18,0,48,0,617
2015-02-19,0,48,0,561
2015-02-20,0,49,0,682
2015-02-21,1,48,12,744
2015-02-22,2,46,45,873
2015-02-23,0,49,0,585
2015-02-24,0,49,0,530
2015-02-25,0,49,0,529
2015-02-26,1,48,6,448
2015-02-27,1,47,13,535
2015-02-28,0,48,0,871
2015-03-01,0,49,0,1319
2015-03-02,0,48,0,762
2015-03-03,0,49,0,723
2015-03-04,0,47,0,640
2015-03-05,1,48,11,605
2015-03-06,0,49,0,608
2015-03-07,1,48,13,902
2015-03-08,0,49,0,907
2015-03-09,0,49,0,651
2015-03-10,0,49,0,632
2015-03-11,1,47,7,498
2015-03-12,1,46,16,465
2015-03-13,0,47,0,492
2015-03-14,0,46,0,770
2015-03-15,1,45,15,854
2015-03-16,0,48,0,638
2015-03-17,1,47,23,538
2015-03-18,1,48,5,511
2015-03-19,0,48,0,488
2015-03-20,1,48,13,623
2015-03-21,1,45,12,720
2015-03-22,2,44,29,744
2015-03-23,0,42,0,458
2015-03-24,0,39,0,387
2015-03-25,0,42,0,421
2015-03-26,0,46,0,426
2015-03-27,0,48,0,567
2015-03-28,0,49,0,802
2015-03-29,0,50,0,989
2015-03-30,0,48,0,722
2015-03-31,0,48,0,696
2015-04-01,0,47,0,990
2015-04-02,0,49,0,1071
2015-04-03,0,49,0,928
2015-04-04,1,48,20,1029
2015-04-05,0,49,0,964
2015-04-06,0,49,0,747
2015-04-07,0,48,0,653
2015-04-08,0,48,0,619
2015-04-09,2,47,15,557
2015-04-10,0,49,0,593
2015-04-11,0,49,0,820
2015-04-12,0,49,0,951
2015-04-13,0,49,0,645
2015-04-14,0,49,0,526
2015-04-15,0,48,0,607
2015-04-16,0,47,0,604
2015-04-17,1,48,10,585
2015-04-18,0,49,0,851
2015-04-19,0,49,0,978
2015-04-20,0,49,0,672
2015-04-21,0,49,0,643
2015-04-22,1,48,9,491
2015-04-23,0,49,0,499
2015-04-24,0,49,0,521
2015-04-25,0,49,0,682
2015-04-26,0,49,0,789
2015-04-27,0,49,0,517
2015-04-28,0,49,0,500
2015-04-29,0,49,0,512
2015-04-30,2,46,28,490
2015-05-01,0,47,0,990
2015-05-02,0,47,0,940
2015-05-03,0,47,0,1108
2015-05-04,0,49,0,754
2015-05-05,0,49,0,679
2015-05-06,0,49,0,655
2015-05-07,0,49,0,533
2015-05-08,0,49,0,616
2015-05-09,0,48,0,957
2015-05-10,1,46,9,658
2015-05-11,0,48,0,650
2015-05-12,0,48,0,502
2015-05-13,2,46,18,533
2015-05-14,0,45,0,448
2015-05-15,0,46,0,541
2015-05-16,0,49,0,908
2015-05-17,1,47,11,941
2015-05-18,0,47,0,567
2015-05-19,0,48,0,544
2015-05-20,0,48,0,607
2015-05-21,0,49,0,533
2015-05-22,0,49,0,561
2015-05-23,0,49,0,833
2015-05-24,0,49,0,967
2015-05-25,1,48,12,558
2015-05-26,0,49,0,553
2015-05-27,0,48,0,569
2015-05-28,0,49,0,599
2015-05-29,0,48,0,612
2015-05-30,0,48,0,1076
2015-05-31,0,49,0,1381
2015-06-01,0,49,0,863
2015-06-02,0,50,0,945
2015-06-03,0,49,0,746
2015-06-04,0,50,0,678
2015-06-05,0,49,0,616
2015-06-06,0,49,0,931
2015-06-07,1,47,27,1034
2015-06-08,0,50,0,667
2015-06-09,0,49,0,561
2015-06-10,0,50,0,540
2015-06-11,0,50,0,412
2015-06-12,0,48,0,544
2015-06-13,0,50,0,741
2015-06-14,0,50,0,909
2015-06-15,0,50,0,536
2015-06-16,1,49,13,579
2015-06-17,1,49,16,571
2015-06-18,0,50,0,490
2015-06-19,0,48,0,522
2015-06-20,0,49,0,900
2015-06-21,0,50,0,643
2015-06-22,0,49,0,609
2015-06-23,1,49,4,582
2015-06-24,2,47,21,465
2015-06-25,1,48,9,427
2015-06-26,0,50,0,539
2015-06-27,0,50,0,760
2015-06-28,1,49,11,907
2015-06-29,1,49,6,601
2015-06-30,0,50,0,693
2015-07-01,2,48,18,929
2015-07-02,0,49,0,785
2015-07-03,0,50,0,833
2015-07-04,0,50,0,1168
2015-07-05,1,48,27,1147
2015-07-06,0,49,0,957
2015-07-07,0,49,0,753
2015-07-08,0,50,0,732
2015-07-09,0,50,0,654
2015-07-10,1,49,10,645
2015-07-11,0,50,0,824
2015-07-12,0,49,0,985
2015-07-13,0,50,0,679
2015-07-14,1,49,8,602
2015-07-15,0,50,0,688
2015-07-16,2,47,23,609
2015-07-17,0,49,0,725
2015-07-18,0,49,0,900
2015-07-19,0,47,0,949
2015-07-20,0,50,0,737
2015-07-21,0,50,0,651
2015-07-22,0,50,0,591
2015-07-23,1,49,21,611
2015-07-24,0,50,0,660
2015-07-25,0,51,0,831
2015-07-26,0,51,0,978
2015-07-27,0,50,0,623
2015-07-28,1,50,10,605
2015-07-29,0,50,0,628
2015-07-30,0,51,0,585
2015-07-31,0,51,0,797
2015-08-01,0,51,0,1244
2015-08-02,0,50,0,1223
2015-08-03,0,50,0,905
2015-08-04,0,51,0,816
2015-08-05,0,51,0,764
2015-08-06,1,49,11,609
2015-08-07,0,51,0,596
2015-08-08,0,51,0,801
2015-08-09,1,50,11,674
2015-08-10,0,51,0,808
2015-08-11,1,50,11,615
2015-08-12,0,50,0,614
2015-08-13,1,50,8,602
2015-08-14,0,50,0,724
2015-08-15,0,50,0,1025
2015-08-16,0,50,0,984
2015-08-17,0,51,0,783
2015-08-18,0,50,0,702
2015-08-19,0,50,0,608
2015-08-20,0,51,0,674
2015-08-21,0,52,0,679
2015-08-22,0,52,0,833
2015-08-23,0,51,0,1005
2015-08-24,0,52,0,670
2015-08-25,0,52,0,638
2015-08-26,0,51,0,618
2015-08-27,1,50,6,599
2015-08-28,0,51,0,629
2015-08-29,0,52,0,980
2015-08-30,1,50,13,1057
2015-08-31,0,52,0,993
2015-09-01,0,52,0,1159
2015-09-02,0,52,0,959
2015-09-03,8,44,150,652
2015-09-04,8,44,125,610
2015-09-05,8,44,194,1003
2015-09-06,8,44,211,1047
2015-09-07,13,39,235,603
2015-09-08,9,43,161,510
2015-09-09,15,35,284,459
2015-09-10,10,42,166,437
2015-09-11,13,39,255,402
2015-09-12,9,43,178,719
2015-09-13,9,42,220,821
2015-09-14,5,46,83,549
2015-09-15,9,42,223,572
2015-09-16,9,43,161,660
2015-09-17,11,40,169,501
2015-09-18,13,39,201,528
2015-09-19,10,42,193,850
2015-09-20,6,46,130,1017
2015-09-21,10,42,121,634
2015-09-22,15,37,287,456
2015-09-23,10,41,205,555
2015-09-24,4,48,100,600
2015-09-25,10,42,151,543
2015-09-26,7,45,162,819
2015-09-27,4,47,98,973
2015-09-28,10,42,167,559
2015-09-29,2,50,20,591
2015-09-30,7,45,145,701
2015-10-01,7,45,161,819
2015-10-02,4,48,155,760
2015-10-03,2,49,46,1244
2015-10-04,8,43,238,1126
2015-10-05,10,41,228,639
2015-10-06,6,46,131,578
2015-10-07,8,44,131,526
2015-10-08,3,49,67,527
2015-10-09,5,48,103,811
2015-10-10,4,49,70,797
2015-10-11,6,47,155,841
2015-10-12,3,50,42,616
2015-10-13,11,42,212,409
2015-10-14,7,46,136,499
2015-10-15,0,52,0,530
2015-10-16,0,53,0,625
2015-10-17,0,53,0,867
2015-10-18,0,53,0,986
2015-10-19,0,53,0,648
2015-10-20,0,53,0,615
2015-10-21,0,53,0,610
2015-10-22,0,53,0,569
2015-10-23,0,53,0,636
2015-10-24,0,53,0,932
2015-10-25,0,53,0,1047
2015-10-26,0,53,0,685
2015-10-27,0,53,0,590
2015-10-28,0,53,0,647
2015-10-29,0,53,0,503
2015-10-30,0,53,0,668
2015-10-31,0,53,0,1154
2015-11-01,0,53,0,965
2015-11-02,0,53,0,841
2015-11-03,0,52,0,1111
2015-11-04,0,52,0,837
2015-11-05,0,53,0,942
2015-11-06,0,53,0,992
2015-11-07,0,53,0,1412
2015-11-08,0,53,0,1574
2015-11-09,0,53,0,1115
2015-11-10,0,53,0,889
2015-11-11,0,53,0,796
2015-11-12,0,51,0,639
2015-11-13,0,53,0,731
2015-11-14,0,52,0,1180
2015-11-15,0,53,0,1393
2015-11-16,0,53,0,953
2015-11-17,0,53,0,829
2015-11-18,0,53,0,756
2015-11-19,0,53,0,728
2015-11-20,0,53,0,904
2015-11-21,0,53,0,960
2015-11-22,0,53,0,1120
2015-11-23,0,53,0,1010
2015-11-24,0,53,0,667
2015-11-25,0,53,0,689
2015-11-26,0,53,0,424
2015-11-27,0,53,0,483
2015-11-28,0,53,0,762
2015-11-29,0,53,0,943
2015-11-30,0,53,0,708
2015-12-01,0,53,0,906
2015-12-02,0,53,0,845
2015-12-03,0,53,0,621
2015-12-04,0,53,0,767
2015-12-05,0,52,0,959
2015-12-06,0,53,0,1088
2015-12-07,0,53,0,1005
2015-12-08,0,53,0,652
2015-12-09,0,53,0,576
2015-12-10,0,52,0,552
2015-12-11,0,52,0,815
2015-12-12,0,52,0,851
2015-12-13,0,52,0,1221
2015-12-14,0,53,0,791
2015-12-15,52,1,910,79
2015-12-16,51,2,798,311
2015-12-17,0,52,0,1099
2015-12-18,0,53,0,1656
2015-12-19,0,53,0,1510
2015-12-20,0,53,0,1741
2015-12-21,0,53,0,1389
2015-12-22,0,53,0,1501
2015-12-23,0,53,0,1802
2015-12-24,0,53,0,1633
2015-12-26,0,52,0,948
2015-12-27,0,52,0,898
2015-12-28,0,51,0,799
2015-12-29,0,53,0,880
2015-12-30,0,53,0,1194
2015-12-31,0,52,0,1108
2016-01-01,0,1,0,8
2016-01-02,0,53,0,1012
2016-01-03,0,53,0,1062
2016-01-04,0,53,0,915
2016-01-05,0,53,0,817
2016-01-06,0,53,0,708
2016-01-07,0,52,0,547
2016-01-08,0,53,0,591
2016-01-09,0,53,0,767
2016-01-10,0,52,0,867
2016-01-11,0,53,0,685
2016-01-12,0,53,0,461
2016-01-13,0,53,0,485
2016-01-14,0,53,0,457
2016-01-15,0,51,0,505
2016-01-16,0,53,0,724
2016-01-17,0,53,0,823
2016-01-18,0,51,0,537
2016-01-19,0,53,0,503
2016-01-20,0,53,0,607
2016-01-21,0,53,0,522
2016-01-22,1,52,6,528
2016-01-23,3,50,53,777
2016-01-24,2,50,32,871
2016-01-25,4,49,60,612
2016-01-26,1,52,4,549
2016-01-27,4,49,32,539
2016-01-28,0,53,0,521
2016-01-29,1,52,12,593
2016-01-30,2,51,35,1017
2016-01-31,0,53,0,1211
2016-02-01,2,51,31,936
2016-02-02,0,52,0,832
2016-02-03,0,53,0,790
2016-02-04,3,50,34,596
2016-02-05,1,52,13,727
2016-02-06,1,52,6,927
2016-02-07,2,50,16,615
2016-02-08,1,51,24,555
2016-02-09,0,53,0,658
2016-02-10,2,51,9,685
2016-02-11,0,53,0,604
2016-02-12,0,53,0,605
2016-02-13,0,52,0,755
2016-02-14,0,53,0,794
2016-02-15,0,52,0,569
2016-02-16,0,52,0,604
2016-02-17,0,52,0,595
2016-02-18,3,49,34,439
2016-02-19,1,51,9,529
2016-02-20,1,51,14,722
2016-02-21,0,51,0,782
2016-02-22,3,48,51,550
2016-02-23,0,50,0,545
2016-02-24,0,53,0,516
2016-02-25,1,52,16,512
2016-02-26,1,52,15,561
2016-02-27,0,53,0,860
2016-02-28,0,53,0,866
2016-02-29,0,53,0,719
2016-03-01,1,52,14,1117
2016-03-02,0,53,0,1169
2016-03-03,6,47,153,766
2016-03-04,16,37,395,639
2016-03-05,10,43,282,1099
2016-03-06,7,46,154,1260
2016-03-07,12,41,313,715
2016-03-08,16,37,330,496
2016-03-09,15,38,257,567
2016-03-10,13,40,465,566
2016-03-11,16,37,284,525
2016-03-12,13,40,377,748
2016-03-13,13,40,283,924
2016-03-14,17,36,383,490
2016-03-15,12,41,284,628
2016-03-16,14,39,332,647
2016-03-17,17,36,307,513
2016-03-18,13,40,240,589
2016-03-19,11,42,290,852
2016-03-20,6,46,150,988
2016-03-21,12,39,295,685
2016-03-22,17,34,361,553
2016-03-23,14,38,434,756
2016-03-24,0,53,0,896
2016-03-25,0,53,0,714
2016-03-26,0,53,0,782
2016-03-27,0,52,0,771
2016-03-28,0,52,0,644
2016-03-29,0,52,0,645
2016-03-30,0,52,0,635
2016-03-31,0,53,0,775
2016-04-01,0,53,0,879
2016-04-02,0,53,0,1270
2016-04-03,0,53,0,1356
2016-04-04,0,53,0,790
2016-04-05,0,53,0,732
2016-04-06,0,52,0,613
2016-04-07,0,51,0,570
2016-04-08,0,53,0,614
2016-04-09,0,53,0,836
2016-04-10,0,53,0,901
2016-04-11,0,52,0,561
2016-04-12,0,53,0,573
2016-04-13,0,52,0,543
2016-04-14,7,45,159,451
2016-04-15,13,40,350,445
2016-04-16,8,45,293,724
2016-04-17,9,42,349,873
2016-04-18,9,40,230,807
2016-04-19,10,41,208,777
2016-04-20,10,42,358,720
2016-04-21,11,42,272,637
2016-04-22,12,41,289,537
2016-04-23,8,45,245,855
2016-04-24,5,48,103,984
2016-04-25,7,44,178,480
2016-04-26,8,44,194,480
2016-04-27,9,44,184,475
2016-04-28,14,39,229,364
2016-04-29,14,39,348,434
2016-04-30,11,42,295,1035
2016-05-01,9,44,338,1258
2016-05-02,8,45,140,871
2016-05-03,11,42,319,664
2016-05-04,9,44,249,607
2016-05-05,2,51,53,661
2016-05-06,2,51,94,756
2016-05-07,2,51,87,1077
2016-05-08,2,50,67,756
2016-05-09,17,35,185,500
2016-05-10,16,36,163,436
2016-05-11,28,25,316,337
2016-05-12,28,25,291,280
2016-05-13,28,25,300,384
2016-05-14,28,25,455,527
2016-05-15,28,25,536,541
2016-05-16,28,25,461,410
2016-05-17,28,25,339,270
2016-05-18,26,26,264,311
2016-05-19,27,26,358,273
2016-05-20,28,25,374,315
2016-05-21,28,25,500,387
2016-05-22,28,25,539,438
2016-05-23,28,24,383,325
2016-05-24,28,25,312,249
2016-05-25,28,25,267,276
2016-05-26,28,25,282,263
2016-05-27,28,25,388,445
2016-05-28,28,25,409,396
2016-05-29,28,25,496,477
2016-05-30,26,26,403,349
2016-05-31,28,25,625,526
2016-06-01,27,26,500,415
2016-06-02,27,26,410,386
2016-06-03,27,26,351,386
2016-06-04,27,26,518,538
2016-06-05,27,26,566,627
2016-06-06,27,26,381,381
2016-06-07,27,26,436,294
2016-06-08,27,25,256,322
2016-06-09,26,26,323,249
2016-06-10,26,27,277,294
2016-06-11,27,26,400,400
2016-06-12,27,26,390,435
2016-06-13,26,26,324,304
2016-06-14,27,26,310,283
2016-06-15,53,0,837,0
2016-06-16,51,2,637,67
2016-06-17,53,0,786,0
2016-06-18,53,0,1151,0
2016-06-19,52,0,940,0
2016-06-20,52,1,846,21
2016-06-21,52,1,742,5
2016-06-22,53,0,731,0
2016-06-23,53,0,674,0
2016-06-24,53,0,656,0
2016-06-25,53,0,901,0
2016-06-26,53,0,1015,0
2016-06-27,53,0,685,0
2016-06-28,49,4,564,80
2016-06-29,53,0,639,0
2016-06-30,53,0,673,0
2016-07-01,27,26,482,469
2016-07-02,27,26,642,634
2016-07-03,27,26,696,691
2016-07-04,27,26,515,411
2016-07-05,27,26,409,401
2016-07-06,27,26,349,378
2016-07-07,27,26,308,286
2016-07-08,27,26,280,354
2016-07-09,27,26,377,466
2016-07-10,27,26,420,472
2016-07-11,27,26,332,330
2016-07-12,26,27,275,275
2016-07-13,27,26,288,306
2016-07-14,27,26,247,250
2016-07-15,27,26,304,366
2016-07-16,27,26,479,498
2016-07-17,27,26,507,511
2016-07-18,26,26,361,377
2016-07-19,27,26,330,319
2016-07-20,27,26,306,355
2016-07-21,26,27,344,312
2016-07-22,27,26,255,362
2016-07-23,27,26,408,438
2016-07-24,27,26,436,463
2016-07-25,27,26,334,356
2016-07-26,25,27,329,315
2016-07-27,26,26,266,248
2016-07-28,27,26,282,289
2016-07-29,27,26,353,343
2016-07-30,26,26,589,515
2016-07-31,26,26,590,583
2016-08-01,25,26,621,575
2016-08-02,48,5,971,68
2016-08-03,48,5,753,102
2016-08-04,46,7,663,106
2016-08-05,47,5,730,58
2016-08-06,47,6,974,58
2016-08-07,50,3,1039,76
2016-08-08,48,5,713,63
2016-08-09,48,5,654,64
2016-08-10,48,5,628,73
2016-08-11,49,4,634,44
2016-08-12,48,5,846,58
2016-08-13,49,4,724,31
2016-08-14,47,6,783,66
2016-08-15,46,6,790,75
2016-08-16,43,9,686,112
2016-08-17,46,6,753,84
2016-08-18,45,7,614,101
2016-08-19,47,5,687,77
2016-08-20,46,6,797,109
2016-08-21,45,7,875,145
2016-08-22,46,5,646,83
2016-08-23,25,25,319,290
2016-08-24,24,25,415,306
2016-08-25,26,25,288,257
2016-08-26,25,25,282,242
2016-08-27,26,25,510,357
2016-08-28,26,24,388,351
2016-08-29,25,26,351,306
2016-08-30,26,25,332,240
2016-08-31,26,25,334,326
2016-09-01,26,25,488,348
2016-09-02,26,25,533,412
2016-09-03,26,25,539,585
2016-09-04,26,25,546,577
2016-09-05,25,25,367,384
2016-09-06,24,26,326,351
2016-09-07,25,25,320,365
2016-09-08,26,25,392,291
2016-09-09,26,25,482,269
2016-09-10,26,25,590,438
2016-09-11,26,25,551,520
2016-09-12,26,24,497,291
2016-09-13,26,24,425,245
2016-09-14,26,25,401,311
2016-09-15,26,25,441,246
2016-09-16,26,25,593,355
2016-09-17,26,25,617,420
2016-09-18,26,25,591,498
2016-09-19,26,25,399,308
2016-09-20,26,25,507,328
2016-09-21,26,25,440,328
2016-09-22,26,25,405,248
2016-09-23,26,25,359,289
2016-09-24,26,25,546,415
2016-09-25,26,25,591,462
2016-09-26,26,25,498,281
2016-09-27,26,25,413,257
2016-09-28,26,25,341,271
2016-09-29,26,24,253,256
2016-09-30,25,25,273,324
2016-10-01,26,25,657,652
2016-10-02,25,25,603,757
2016-10-03,25,25,538,460
2016-10-04,25,24,369,345
2016-10-05,25,25,355,362
2016-10-06,23,25,301,305
2016-10-07,23,26,307,349
2016-10-08,25,25,422,465
2016-10-09,26,25,522,582
2016-10-10,26,25,367,329
2016-10-11,26,24,246,265
2016-10-12,24,25,269,314
2016-10-13,26,25,255,258
2016-10-14,26,25,278,285
2016-10-15,24,25,330,419
2016-10-16,25,25,417,486
2016-10-17,25,25,277,296
2016-10-18,26,25,288,258
2016-10-19,26,25,222,237
2016-10-20,26,25,312,269
2016-10-21,26,25,251,327
2016-10-22,26,25,358,407
2016-10-23,26,25,403,443
2016-10-24,25,25,275,272
2016-10-25,26,25,244,294
2016-10-26,25,25,200,256
2016-10-27,25,26,234,241
2016-10-28,26,26,234,280
2016-10-29,26,26,340,369
2016-10-30,0,52,0,715
2016-10-31,0,51,0,517
2016-11-01,0,52,0,734
2016-11-02,0,52,0,815
2016-11-03,0,52,0,701
2016-11-04,0,50,0,610
2016-11-05,0,51,0,648
2016-11-06,0,52,0,906
2016-11-07,0,52,0,624
2016-11-08,0,52,0,574
2016-11-09,52,0,937,0
2016-11-10,49,2,875,27
2016-11-11,52,0,1376,0
2016-11-12,52,0,1311,0
2016-11-13,51,0,1717,0
2016-11-14,48,3,1051,43
2016-11-15,51,0,1376,0
2016-11-16,46,5,1197,155
2016-11-17,48,3,1910,80
2016-11-18,47,4,1513,64
2016-11-19,51,0,1992,0
2016-11-20,52,0,2585,0
2016-11-21,50,2,1657,76
2016-11-22,51,1,1808,15
2016-11-23,50,2,1950,523
2016-11-24,51,1,1156,15
2016-11-25,52,0,1628,0
2016-11-26,51,1,1719,12
2016-11-27,52,0,1966,0
2016-11-28,52,0,1438,0
2016-11-29,52,0,1164,0
2016-11-30,51,0,1253,0
2016-12-01,51,1,2428,235
2016-12-02,51,0,1599,0
2016-12-03,52,0,1986,0
2016-12-04,52,0,3783,0
2016-12-05,52,1,1954,1376
2016-12-06,52,1,2060,1223
2016-12-07,50,3,2042,271
2016-12-08,0,52,0,734
2016-12-09,0,53,0,576
2016-12-10,0,53,0,671
2016-12-11,0,52,0,856
2016-12-12,0,52,0,651
2016-12-13,0,53,0,585
2016-12-14,0,53,0,636
2016-12-15,0,51,0,643
2016-12-16,0,53,0,808
2016-12-17,0,53,0,945
2016-12-18,0,52,0,1375
2016-12-19,0,53,0,1310
2016-12-20,0,53,0,1298
2016-12-21,1,51,263,1272
2016-12-22,0,53,0,1824
2016-12-23,0,53,0,1680
2016-12-24,0,53,0,1725
2016-12-26,0,52,0,967
2016-12-27,1,51,20,661
2016-12-28,0,53,0,757
2016-12-29,0,52,0,854
2016-12-30,0,53,0,1176
2016-12-31,0,53,0,1157
2017-01-01,0,1,0,4
2017-01-02,0,52,0,1185
2017-01-03,0,52,0,857
2017-01-04,0,52,0,695
2017-01-05,0,53,0,553
2017-01-06,0,53,0,598
2017-01-07,0,53,0,840
2017-01-08,0,53,0,931
2017-01-09,0,53,0,508
2017-01-10,0,53,0,518
2017-01-11,0,53,0,465
2017-01-12,0,53,0,406
2017-01-13,0,52,0,513
2017-01-14,0,53,0,756
2017-01-15,0,53,0,838
2017-01-16,0,53,0,613
2017-01-17,0,53,0,499
2017-01-18,53,0,919,0
2017-01-19,53,0,1142,0
2017-01-20,53,0,1642,0
2017-01-21,53,0,2081,0
2017-01-22,53,0,1677,0
2017-01-23,53,0,1209,0
2017-01-24,53,0,1209,0
2017-01-25,53,0,1230,0
2017-01-26,53,0,1144,0
2017-01-27,53,0,2273,0
2017-01-28,53,0,1531,0
2017-01-29,53,0,1927,0
2017-01-30,51,2,1226,23
2017-01-31,53,0,1651,0
2017-02-01,53,0,2228,0
2017-02-02,53,0,2163,0
2017-02-03,53,0,2501,0
2017-02-04,52,1,2725,82
2017-02-05,53,0,2446,0
2017-02-06,53,0,1798,0
2017-02-07,49,4,1537,56
2017-02-08,53,0,1289,0
2017-02-09,0,53,0,605
2017-02-10,0,53,0,699
2017-02-11,0,53,0,776
2017-02-12,0,52,0,920
2017-02-13,0,53,0,672
2017-02-14,0,53,0,542
2017-02-15,0,53,0,599
2017-02-16,0,52,0,472
2017-02-17,0,53,0,517
2017-02-18,0,53,0,1095
2017-02-19,0,52,0,607
2017-02-20,0,52,0,601
2017-02-21,0,53,0,513
2017-02-22,0,53,0,578
2017-02-23,0,53,0,561
2017-02-24,0,53,0,545
2017-02-25,0,53,0,831
2017-02-26,0,53,0,609
2017-02-27,0,53,0,579
2017-02-28,0,53,0,795
2017-03-01,0,52,0,868
2017-03-02,0,53,0,684
2017-03-03,0,53,0,678
2017-03-04,0,53,0,941
2017-03-05,0,53,0,1012
2017-03-06,0,53,0,598
2017-03-07,0,53,0,564
2017-03-08,0,53,0,638
2017-03-09,0,53,0,557
2017-03-10,0,53,0,569
2017-03-11,0,52,0,854
2017-03-12,0,53,0,1001
2017-03-13,0,53,0,635
2017-03-14,0,52,0,492
2017-03-15,0,52,0,621
2017-03-16,0,52,0,629
2017-03-17,0,53,0,633
2017-03-18,0,53,0,893
2017-03-19,0,53,0,994
2017-03-20,0,53,0,708
2017-03-21,0,51,0,606
2017-03-22,0,53,0,568
2017-03-23,0,52,0,1748
2017-03-24,0,53,0,649
2017-03-25,0,53,0,894
2017-03-26,0,53,0,851
2017-03-27,0,53,0,628
2017-03-28,0,53,0,517
2017-03-29,1,50,5,680
2017-03-30,1,52,9,550
2017-03-31,0,53,0,750
2017-04-01,0,52,0,1461
2017-04-02,0,52,0,989
2017-04-03,0,52,0,769
2017-04-04,0,53,0,727
2017-04-05,0,53,0,660
2017-04-06,0,53,0,573
2017-04-07,0,53,0,623
2017-04-08,0,52,0,820
2017-04-09,0,53,0,890
2017-04-10,0,51,0,580
2017-04-11,0,53,0,627
2017-04-12,53,0,1020,0
2017-04-13,53,0,1930,0
2017-04-14,53,0,1616,0
2017-04-15,53,0,1971,0
2017-04-16,53,0,1783,0
2017-04-17,52,0,2947,0
2017-04-18,52,0,1692,0
2017-04-19,52,0,2258,0
2017-04-20,51,1,1761,114
2017-04-21,53,0,1729,0
2017-04-22,53,0,2621,0
2017-04-23,54,0,2229,0
2017-04-24,54,0,1423,0
2017-04-25,51,0,1446,0
2017-04-26,46,0,1449,0
2017-04-27,44,0,859,0
2017-04-28,50,0,957,0
2017-04-29,51,0,1909,0
2017-04-30,51,1,1802,8
2017-05-01,52,0,2929,0
2017-05-02,52,0,1869,0
2017-05-03,54,0,2045,0
2017-05-04,54,0,1442,0
2017-05-05,54,0,1818,0
2017-05-06,54,0,2438,0
2017-05-07,54,0,2354,0
2017-05-08,54,0,1637,0
2017-05-09,53,0,1974,0
2017-05-10,53,0,2097,0
2017-05-11,54,0,1581,0
2017-05-12,54,0,2218,0
2017-05-13,54,0,2611,0
2017-05-14,54,0,1748,0
2017-05-15,54,0,1952,0
2017-05-16,54,0,1494,0
2017-05-17,54,0,2162,0
2017-05-18,53,0,1158,0
2017-05-19,54,0,1242,0
2017-05-20,54,0,2221,0
2017-05-21,54,0,1841,0
2017-05-22,53,0,1903,0
2017-05-23,53,0,2021,0
2017-05-24,53,0,1917,0
2017-05-25,54,0,1368,0
2017-05-26,54,0,1596,0
2017-05-27,54,0,1736,0
2017-05-28,54,0,2188,0
2017-05-29,54,0,2367,0
2017-05-30,54,0,1716,0
2017-05-31,54,0,1805,0
2017-06-01,2,51,90,2157
2017-06-02,2,52,121,759
2017-06-03,2,52,138,1071
2017-06-04,2,51,162,1165
2017-06-05,2,51,95,744
2017-06-06,2,52,94,590
2017-06-07,2,52,90,542
2017-06-08,2,52,81,473
2017-06-09,2,52,76,621
2017-06-10,2,52,63,744
2017-06-11,2,52,59,955
2017-06-12,2,51,47,548
2017-06-13,2,52,69,494
2017-06-14,2,51,48,465
2017-06-15,2,52,60,445
2017-06-16,2,52,56,572
2017-06-17,2,52,63,841
2017-06-18,2,51,72,665
2017-06-19,2,52,70,566
2017-06-20,2,52,62,589
2017-06-21,2,50,51,491
2017-06-22,2,52,44,421
2017-06-23,3,51,84,507
2017-06-24,3,51,65,679
2017-06-25,3,51,89,702
2017-06-26,3,51,72,488
2017-06-27,3,51,63,456
2017-06-28,54,0,808,0
2017-06-29,54,0,783,0
2017-06-30,54,0,960,0
2017-07-01,54,0,1479,0
2017-07-02,54,0,1541,0
2017-07-03,54,0,1069,0
2017-07-04,54,0,962,0
2017-07-05,54,0,980,0
2017-07-06,53,0,776,0
2017-07-07,53,0,820,0
2017-07-08,54,0,1028,0
2017-07-09,54,0,1205,0
2017-07-10,54,0,901,0
2017-07-11,53,0,670,0
2017-07-12,53,0,779,0
2017-07-13,53,0,770,0
2017-07-14,54,0,941,0
2017-07-15,53,0,1115,0
2017-07-16,54,0,1490,0
2017-07-17,54,0,1006,0
2017-07-18,54,0,951,0
2017-07-19,54,0,890,0
2017-07-20,54,0,835,0
2017-07-21,54,0,920,0
2017-07-22,54,0,1076,0
2017-07-23,54,0,1234,0
2017-07-24,53,0,1002,0
2017-07-25,54,0,887,0
2017-07-26,54,0,851,0
2017-07-27,0,53,0,506
2017-07-28,0,54,0,592
2017-07-29,0,54,0,875
2017-07-30,0,54,0,906
2017-07-31,0,54,0,712
2017-08-01,0,54,0,793
2017-08-02,0,54,0,772
2017-08-03,0,54,0,639
2017-08-04,0,54,0,666
2017-08-05,0,54,0,801
2017-08-06,0,54,0,837
2017-08-07,0,54,0,623
2017-08-08,0,54,0,484
2017-08-09,0,53,0,469
2017-08-10,0,53,0,473
2017-08-11,0,54,0,561
2017-08-12,0,54,0,606
2017-08-13,0,54,0,650
2017-08-14,0,53,0,535
2017-08-15,0,54,0,568
