date,onpromo_transactions,nopromo_transactions,onpromo_value,nopromo_value
2013-01-01,0,0,0,0
2013-01-02,0,0,0,0
2013-01-03,0,0,0,0
2013-01-04,0,0,0,0
2013-01-05,0,0,0,0
2013-01-06,0,0,0,0
2013-01-07,0,0,0,0
2013-01-08,0,0,0,0
2013-01-09,0,0,0,0
2013-01-10,0,0,0,0
2013-01-11,0,0,0,0
2013-01-12,0,0,0,0
2013-01-13,0,0,0,0
2013-01-14,0,0,0,0
2013-01-15,0,0,0,0
2013-01-16,0,0,0,0
2013-01-17,0,0,0,0
2013-01-18,0,0,0,0
2013-01-19,0,0,0,0
2013-01-20,0,0,0,0
2013-01-21,0,0,0,0
2013-01-22,0,0,0,0
2013-01-23,0,0,0,0
2013-01-24,0,0,0,0
2013-01-25,0,0,0,0
2013-01-26,0,0,0,0
2013-01-27,0,0,0,0
2013-01-28,0,0,0,0
2013-01-29,0,0,0,0
2013-01-30,0,0,0,0
2013-01-31,0,0,0,0
2013-02-01,0,0,0,0
2013-02-02,0,0,0,0
2013-02-03,0,0,0,0
2013-02-04,0,0,0,0
2013-02-05,0,0,0,0
2013-02-06,0,0,0,0
2013-02-07,0,0,0,0
2013-02-08,0,0,0,0
2013-02-09,0,0,0,0
2013-02-10,0,0,0,0
2013-02-11,0,0,0,0
2013-02-12,0,0,0,0
2013-02-13,0,0,0,0
2013-02-14,0,0,0,0
2013-02-15,0,0,0,0
2013-02-16,0,0,0,0
2013-02-17,0,0,0,0
2013-02-18,0,0,0,0
2013-02-19,0,0,0,0
2013-02-20,0,0,0,0
2013-02-21,0,0,0,0
2013-02-22,0,0,0,0
2013-02-23,0,0,0,0
2013-02-24,0,0,0,0
2013-02-25,0,0,0,0
2013-02-26,0,0,0,0
2013-02-27,0,0,0,0
2013-02-28,0,0,0,0
2013-03-01,0,0,0,0
2013-03-02,0,0,0,0
2013-03-03,0,0,0,0
2013-03-04,0,0,0,0
2013-03-05,0,0,0,0
2013-03-06,0,0,0,0
2013-03-07,0,0,0,0
2013-03-08,0,0,0,0
2013-03-09,0,0,0,0
2013-03-10,0,0,0,0
2013-03-11,0,0,0,0
2013-03-12,0,0,0,0
2013-03-13,0,0,0,0
2013-03-14,0,0,0,0
2013-03-15,0,0,0,0
2013-03-16,0,0,0,0
2013-03-17,0,0,0,0
2013-03-18,0,0,0,0
2013-03-19,0,0,0,0
2013-03-20,0,0,0,0
2013-03-21,0,0,0,0
2013-03-22,0,0,0,0
2013-03-23,0,0,0,0
2013-03-24,0,0,0,0
2013-03-25,0,0,0,0
2013-03-26,0,0,0,0
2013-03-27,0,0,0,0
2013-03-28,0,0,0,0
2013-03-29,0,0,0,0
2013-03-30,0,0,0,0
2013-03-31,0,0,0,0
2013-04-01,0,0,0,0
2013-04-02,0,0,0,0
2013-04-03,0,0,0,0
2013-04-04,0,0,0,0
2013-04-05,0,0,0,0
2013-04-06,0,0,0,0
2013-04-07,0,0,0,0
2013-04-08,0,0,0,0
2013-04-09,0,0,0,0
2013-04-10,0,0,0,0
2013-04-11,0,0,0,0
2013-04-12,0,0,0,0
2013-04-13,0,0,0,0
2013-04-14,0,0,0,0
2013-04-15,0,0,0,0
2013-04-16,0,0,0,0
2013-04-17,0,0,0,0
2013-04-18,0,0,0,0
2013-04-19,0,0,0,0
2013-04-20,0,0,0,0
2013-04-21,0,0,0,0
2013-04-22,0,0,0,0
2013-04-23,0,0,0,0
2013-04-24,0,0,0,0
2013-04-25,0,0,0,0
2013-04-26,0,0,0,0
2013-04-27,0,0,0,0
2013-04-28,0,0,0,0
2013-04-29,0,0,0,0
2013-04-30,0,0,0,0
2013-05-01,0,0,0,0
2013-05-02,0,0,0,0
2013-05-03,0,0,0,0
2013-05-04,0,0,0,0
2013-05-05,0,0,0,0
2013-05-06,0,0,0,0
2013-05-07,0,0,0,0
2013-05-08,0,0,0,0
2013-05-09,0,0,0,0
2013-05-10,0,0,0,0
2013-05-11,0,0,0,0
2013-05-12,0,0,0,0
2013-05-13,0,0,0,0
2013-05-14,0,0,0,0
2013-05-15,0,0,0,0
2013-05-16,0,0,0,0
2013-05-17,0,0,0,0
2013-05-18,0,0,0,0
2013-05-19,0,0,0,0
2013-05-20,0,0,0,0
2013-05-21,0,0,0,0
2013-05-22,0,0,0,0
2013-05-23,0,0,0,0
2013-05-24,0,0,0,0
2013-05-25,0,0,0,0
2013-05-26,0,0,0,0
2013-05-27,0,0,0,0
2013-05-28,0,0,0,0
2013-05-29,0,0,0,0
2013-05-30,0,0,0,0
2013-05-31,0,0,0,0
2013-06-01,0,0,0,0
2013-06-02,0,0,0,0
2013-06-03,0,0,0,0
2013-06-04,0,0,0,0
2013-06-05,0,0,0,0
2013-06-06,0,0,0,0
2013-06-07,0,0,0,0
2013-06-08,0,0,0,0
2013-06-09,0,0,0,0
2013-06-10,0,0,0,0
2013-06-11,0,0,0,0
2013-06-12,0,0,0,0
2013-06-13,0,0,0,0
2013-06-14,0,0,0,0
2013-06-15,0,0,0,0
2013-06-16,0,0,0,0
2013-06-17,0,0,0,0
2013-06-18,0,0,0,0
2013-06-19,0,0,0,0
2013-06-20,0,0,0,0
2013-06-21,0,0,0,0
2013-06-22,0,0,0,0
2013-06-23,0,0,0,0
2013-06-24,0,0,0,0
2013-06-25,0,0,0,0
2013-06-26,0,0,0,0
2013-06-27,0,0,0,0
2013-06-28,0,0,0,0
2013-06-29,0,0,0,0
2013-06-30,0,0,0,0
2013-07-01,0,0,0,0
2013-07-02,0,0,0,0
2013-07-03,0,0,0,0
2013-07-04,0,0,0,0
2013-07-05,0,0,0,0
2013-07-06,0,0,0,0
2013-07-07,0,0,0,0
2013-07-08,0,0,0,0
2013-07-09,0,0,0,0
2013-07-10,0,0,0,0
2013-07-11,0,0,0,0
2013-07-12,0,0,0,0
2013-07-13,0,0,0,0
2013-07-14,0,0,0,0
2013-07-15,0,0,0,0
2013-07-16,0,0,0,0
2013-07-17,0,0,0,0
2013-07-18,0,0,0,0
2013-07-19,0,0,0,0
2013-07-20,0,0,0,0
2013-07-21,0,0,0,0
2013-07-22,0,0,0,0
2013-07-23,0,0,0,0
2013-07-24,0,0,0,0
2013-07-25,0,0,0,0
2013-07-26,0,0,0,0
2013-07-27,0,0,0,0
2013-07-28,0,0,0,0
2013-07-29,0,0,0,0
2013-07-30,0,0,0,0
2013-07-31,0,0,0,0
2013-08-01,0,0,0,0
2013-08-02,0,0,0,0
2013-08-03,0,0,0,0
2013-08-04,0,0,0,0
2013-08-05,0,0,0,0
2013-08-06,0,0,0,0
2013-08-07,0,0,0,0
2013-08-08,0,0,0,0
2013-08-09,0,0,0,0
2013-08-10,0,0,0,0
2013-08-11,0,0,0,0
2013-08-12,0,0,0,0
2013-08-13,0,0,0,0
2013-08-14,0,0,0,0
2013-08-15,0,0,0,0
2013-08-16,0,0,0,0
2013-08-17,0,0,0,0
2013-08-18,0,0,0,0
2013-08-19,0,0,0,0
2013-08-20,0,0,0,0
2013-08-21,0,0,0,0
2013-08-22,0,0,0,0
2013-08-23,0,0,0,0
2013-08-24,0,0,0,0
2013-08-25,0,0,0,0
2013-08-26,0,0,0,0
2013-08-27,0,0,0,0
2013-08-28,0,0,0,0
2013-08-29,0,0,0,0
2013-08-30,0,0,0,0
2013-08-31,0,0,0,0
2013-09-01,0,0,0,0
2013-09-02,0,0,0,0
2013-09-03,0,0,0,0
2013-09-04,0,0,0,0
2013-09-05,0,0,0,0
2013-09-06,0,0,0,0
2013-09-07,0,0,0,0
2013-09-08,0,0,0,0
2013-09-09,0,0,0,0
2013-09-10,0,0,0,0
2013-09-11,0,0,0,0
2013-09-12,0,0,0,0
2013-09-13,0,0,0,0
2013-09-14,0,0,0,0
2013-09-15,0,0,0,0
2013-09-16,0,0,0,0
2013-09-17,0,0,0,0
2013-09-18,0,0,0,0
2013-09-19,0,0,0,0
2013-09-20,0,0,0,0
2013-09-21,0,0,0,0
2013-09-22,0,0,0,0
2013-09-23,0,0,0,0
2013-09-24,0,0,0,0
2013-09-25,0,0,0,0
2013-09-26,0,0,0,0
2013-09-27,0,0,0,0
2013-09-28,0,0,0,0
2013-09-29,0,0,0,0
2013-09-30,0,0,0,0
2013-10-01,0,0,0,0
2013-10-02,0,0,0,0
2013-10-03,0,0,0,0
2013-10-04,0,0,0,0
2013-10-05,0,0,0,0
2013-10-06,0,0,0,0
2013-10-07,0,0,0,0
2013-10-08,0,0,0,0
2013-10-09,0,0,0,0
2013-10-10,0,0,0,0
2013-10-11,0,0,0,0
2013-10-12,0,0,0,0
2013-10-13,0,0,0,0
2013-10-14,0,0,0,0
2013-10-15,0,0,0,0
2013-10-16,0,0,0,0
2013-10-17,0,0,0,0
2013-10-18,0,0,0,0
2013-10-19,0,0,0,0
2013-10-20,0,0,0,0
2013-10-21,0,0,0,0
2013-10-22,0,0,0,0
2013-10-23,0,0,0,0
2013-10-24,0,0,0,0
2013-10-25,0,0,0,0
2013-10-26,0,0,0,0
2013-10-27,0,0,0,0
2013-10-28,0,0,0,0
2013-10-29,0,0,0,0
2013-10-30,0,0,0,0
2013-10-31,0,0,0,0
2013-11-01,0,0,0,0
2013-11-02,0,0,0,0
2013-11-03,0,0,0,0
2013-11-04,0,0,0,0
2013-11-05,0,0,0,0
2013-11-06,0,0,0,0
2013-11-07,0,0,0,0
2013-11-08,0,0,0,0
2013-11-09,0,0,0,0
2013-11-10,0,0,0,0
2013-11-11,0,0,0,0
2013-11-12,0,0,0,0
2013-11-13,0,0,0,0
2013-11-14,0,0,0,0
2013-11-15,0,0,0,0
2013-11-16,0,0,0,0
2013-11-17,0,0,0,0
2013-11-18,0,0,0,0
2013-11-19,0,0,0,0
2013-11-20,0,0,0,0
2013-11-21,0,0,0,0
2013-11-22,0,0,0,0
2013-11-23,0,0,0,0
2013-11-24,0,0,0,0
2013-11-25,0,0,0,0
2013-11-26,0,0,0,0
2013-11-27,0,0,0,0
2013-11-28,0,0,0,0
2013-11-29,0,0,0,0
2013-11-30,0,0,0,0
2013-12-01,0,0,0,0
2013-12-02,0,0,0,0
2013-12-03,0,0,0,0
2013-12-04,0,0,0,0
2013-12-05,0,0,0,0
2013-12-06,0,0,0,0
2013-12-07,0,0,0,0
2013-12-08,0,0,0,0
2013-12-09,0,0,0,0
2013-12-10,0,0,0,0
2013-12-11,0,0,0,0
2013-12-12,0,0,0,0
2013-12-13,0,0,0,0
2013-12-14,0,0,0,0
2013-12-15,0,0,0,0
2013-12-16,0,0,0,0
2013-12-17,0,0,0,0
2013-12-18,0,0,0,0
2013-12-19,0,0,0,0
2013-12-20,0,0,0,0
2013-12-21,0,0,0,0
2013-12-22,0,0,0,0
2013-12-23,0,0,0,0
2013-12-24,0,0,0,0
2013-12-26,0,0,0,0
2013-12-27,0,0,0,0
2013-12-28,0,0,0,0
2013-12-29,0,0,0,0
2013-12-30,0,0,0,0
2013-12-31,0,0,0,0
2014-01-01,0,0,0,0
2014-01-02,0,0,0,0
2014-01-03,0,0,0,0
2014-01-04,0,0,0,0
2014-01-05,0,0,0,0
2014-01-06,0,0,0,0
2014-01-07,0,0,0,0
2014-01-08,0,0,0,0
2014-01-09,0,0,0,0
2014-01-10,0,0,0,0
2014-01-11,0,0,0,0
2014-01-12,0,0,0,0
2014-01-13,0,0,0,0
2014-01-14,0,0,0,0
2014-01-15,0,0,0,0
2014-01-16,0,0,0,0
2014-01-17,0,0,0,0
2014-01-18,0,0,0,0
2014-01-19,0,0,0,0
2014-01-20,0,0,0,0
2014-01-21,0,0,0,0
2014-01-22,0,0,0,0
2014-01-23,0,0,0,0
2014-01-24,0,0,0,0
2014-01-25,0,0,0,0
2014-01-26,0,0,0,0
2014-01-27,0,0,0,0
2014-01-28,0,0,0,0
2014-01-29,0,0,0,0
2014-01-30,0,0,0,0
2014-01-31,0,0,0,0
2014-02-01,0,0,0,0
2014-02-02,0,0,0,0
2014-02-03,0,0,0,0
2014-02-04,0,0,0,0
2014-02-05,0,0,0,0
2014-02-06,0,0,0,0
2014-02-07,0,0,0,0
2014-02-08,0,0,0,0
2014-02-09,0,0,0,0
2014-02-10,0,0,0,0
2014-02-11,0,0,0,0
2014-02-12,0,0,0,0
2014-02-13,0,0,0,0
2014-02-14,0,0,0,0
2014-02-15,0,0,0,0
2014-02-16,0,0,0,0
2014-02-17,0,0,0,0
2014-02-18,0,0,0,0
2014-02-19,0,0,0,0
2014-02-20,0,0,0,0
2014-02-21,0,0,0,0
2014-02-22,0,0,0,0
2014-02-23,0,0,0,0
2014-02-24,0,0,0,0
2014-02-25,0,0,0,0
2014-02-26,0,0,0,0
2014-02-27,0,0,0,0
2014-02-28,0,0,0,0
2014-03-01,0,0,0,0
2014-03-02,0,0,0,0
2014-03-03,0,0,0,0
2014-03-04,0,0,0,0
2014-03-05,0,0,0,0
2014-03-06,0,0,0,0
2014-03-07,0,0,0,0
2014-03-08,0,0,0,0
2014-03-09,0,0,0,0
2014-03-10,0,0,0,0
2014-03-11,0,0,0,0
2014-03-12,0,0,0,0
2014-03-13,0,0,0,0
2014-03-14,0,0,0,0
2014-03-15,0,0,0,0
2014-03-16,0,0,0,0
2014-03-17,0,0,0,0
2014-03-18,0,0,0,0
2014-03-19,0,0,0,0
2014-03-20,0,0,0,0
2014-03-21,0,0,0,0
2014-03-22,0,0,0,0
2014-03-23,0,0,0,0
2014-03-24,0,0,0,0
2014-03-25,0,0,0,0
2014-03-26,0,0,0,0
2014-03-27,0,0,0,0
2014-03-28,0,0,0,0
2014-03-29,0,0,0,0
2014-03-30,0,0,0,0
2014-03-31,0,0,0,0
2014-04-01,8,51529,107,484971.88700000005
2014-04-02,4,51063,76.456,463840.8600000001
2014-04-03,120,49583,1860.6671,387007.29429999989
2014-04-04,5,50085,51.278999999999996,422527.4659
2014-04-05,7,53510,131.177,617549.017
2014-04-06,7,52083,104,631784.25100000016
2014-04-07,3,49818,35,426056.10400000011
2014-04-08,8,49009,86,376577.272
2014-04-09,4,48820,32,375277.08199999988
2014-04-10,119,47878,1661.5859999999998,332391.171
2014-04-11,14,48975,122.03399999999999,379524.8119
2014-04-12,10,52555,96,529823.923
2014-04-13,16,51127,158,540032.282
2014-04-14,8,48140,73,381313.30899999995
2014-04-15,45,48296,512.102,364176.953
2014-04-16,45,49136,1245.694,410111.391
2014-04-17,455,48699,3939.4201999999996,393525.42269999994
2014-04-18,37,48233,278.56,394113.6241
2014-04-19,36,50921,455.547,496449.20200000005
2014-04-20,56,49666,1422.767,518703.63100000017
2014-04-21,28,48198,540.182,398137.21499999997
2014-04-22,49,47643,789.36299999999994,369762.886
2014-04-23,58,48018,459.05600000000004,371773.53899999993
2014-04-24,460,46846,4289.4051,316586.07279999997
2014-04-25,22,47801,120.522,357053.1865
2014-04-26,39,51430,184.15800000000002,497150.577
2014-04-27,52,50789,603.92000000000007,559904.501
2014-04-28,65,47743,678.807,361593.11
2014-04-29,73,47136,634.879,325703.469
2014-04-30,86,48153,1105.482,355974.483
2014-05-01,547,51081,6940.782,523440.066
2014-05-02,215,50120,2533.728,440751.16339999996
2014-05-03,72,53262,1207.648,609184.101
2014-05-04,58,51926,1391.832,644773.03199999989
2014-05-05,67,48947,1360.402,426241.30199999991
2014-05-06,84,48418,1297.0159999999998,387648.87400000007
2014-05-07,71,48252,1132.842,390799.342
2014-05-08,472,47015,4174.883,333308.83019999997
2014-05-09,218,47969,2501.31,378831.8861
2014-05-10,61,52504,754.597,576257.42999999993
2014-05-11,59,49413,957.68400000000008,453555.245
2014-05-12,61,48595,992.82900000000006,397259.05999999994
2014-05-13,65,47876,772.35200000000009,359962.17099999991
2014-05-14,151,47714,1559.6009999999999,354814.20600000006
2014-05-15,534,46650,5155.329,327117.50069999992
2014-05-16,1188,47573,14125.058,366697.68460000004
2014-05-17,129,52640,1527.578,536346.386
2014-05-18,139,52100,1950.434,632569.30300000007
2014-05-19,110,48668,967.499,387847.2460000001
2014-05-20,157,48187,1302.007,353070.33300000004
2014-05-21,191,47770,2003.8010000000002,354894.68199999991
2014-05-22,1561,45263,12853.186000000002,297806.95660000003
2014-05-23,1274,46511,13276.252999999999,336273.6397
2014-05-24,220,52220,3708.211,512919.05100000009
2014-05-25,218,51528,2994.6560000000004,570417.55399999989
2014-05-26,188,48407,2144.214,371686.87200000003
2014-05-27,196,47282,1537.952,326104.191
2014-05-28,192,47701,1651.6539999999998,336830.13
2014-05-29,1586,47273,13217.898000000003,313406.67939999991
2014-05-30,1224,48821,13385.935,362396.70499999996
2014-05-31,267,54984,3723.859,593468.60899999994
2014-06-01,123,55377,1619.59,741113.23999999976
2014-06-02,195,52355,2721.045,510004.72799999994
2014-06-03,213,51153,2743.75,440892.43800000008
2014-06-04,236,50857,2169.659,421113.836
2014-06-05,1616,48075,14685.273,344789.24079999997
2014-06-06,1264,49251,13629.251000000002,377636.87429999991
2014-06-07,197,54419,2130.385,555012.076
2014-06-08,215,53891,2692.1539999999995,623334.80300000007
2014-06-09,199,50702,1500.489,414298.45699999988
2014-06-10,199,49534,2433.63,349255.793
2014-06-11,258,49709,2350.127,371478.037
2014-06-12,1979,46408,17751.874000000003,311656.19340000005
2014-06-13,1335,49066,16400.962,375907.41279999993
2014-06-14,278,55412,4502.722,617570.267
2014-06-15,250,51084,3189.377,438090.557
2014-06-16,338,51427,4143.729,443306.51099999988
2014-06-17,380,50093,4289.3719999999994,376106.664
2014-06-18,425,49956,5189.4510000000009,368214.213
2014-06-19,2359,46541,20522.443000000003,311758.49199999997
2014-06-20,1933,47491,22928.622000000003,346278.1676
2014-06-21,308,54584,5429.483,533184.37200000009
2014-06-22,360,53615,4981.4900000000007,586202.63400000008
2014-06-23,237,50797,2287.241,412642.395
2014-06-24,266,49326,1995.2810000000002,338469.464
2014-06-25,354,49618,3235.409,352106.989
2014-06-26,2168,46788,17963.32,297834.861
2014-06-27,2732,47659,31427.507,339366.0664
2014-06-28,425,54205,4732.069,506138.74500000011
2014-06-29,302,53808,3986.4049999999997,563232.4800000001
2014-06-30,352,51774,3906.18,425417.875
2014-07-01,2320,66970,38020.344,682460.273
2014-07-02,4310,64883,127318.47800000003,620111.6703
2014-07-03,2383,64586,25691.585,558152.1358
2014-07-04,4056,62632,55066.709,540357.60420000006
2014-07-05,610,70892,9745.523000000001,807561.58700000029
2014-07-06,583,70470,10010.588,908266.00800000015
2014-07-07,492,66809,5899.81,632626.61900000006
2014-07-08,2183,63533,31361.266,525930.23149999988
2014-07-09,4281,60866,110160.328,464291.0822
2014-07-10,2465,62053,24094.069999999996,473953.47899999988
2014-07-11,4057,60338,51848.710000000006,483795.47290000011
2014-07-12,568,70090,7732.346,748966.406
2014-07-13,720,67826,10220.680999999999,723433.099
2014-07-14,617,65508,6895.266,577971.88499999989
2014-07-15,2329,64403,34199.613999999994,528660.41299999983
2014-07-16,4446,62291,123937.58999999998,497398.90399999986
2014-07-17,2416,62564,24356.197999999997,473865.50700000004
2014-07-18,4275,61609,56145.79,491473.269
2014-07-19,759,69751,9907.16,719081.06599999988
2014-07-20,636,68813,9246.3459999999977,767227.77200000011
2014-07-21,592,66130,5957.3640000000005,594271.066
2014-07-22,2287,63022,30417.579999999991,499858.46
2014-07-23,4459,60874,117941.13699999999,456227.499
2014-07-24,2425,63280,21951.856999999993,462666.96000000014
2014-07-25,4395,63655,56407.640999999989,523359.64400000003
2014-07-26,673,70694,7766.219,681153.331
2014-07-27,605,70076,7675.1649999999991,739632.702
2014-07-28,557,67185,6227.76,577708.92500000028
2014-07-29,2207,64486,29669.086999999996,495074.238
2014-07-30,4640,62349,120656.16899999998,457400.79619999992
2014-07-31,2319,65317,23251.269000000004,509172.28899999993
2014-08-01,4407,51757,64241.884,442584.91099999996
2014-08-02,506,58013,5733.393,620800.24500000011
2014-08-03,453,56369,6299.8129999999983,619598.393
2014-08-04,402,53710,3862.428,467310.87599999993
2014-08-05,395,52613,3033.873,414163.60299999989
2014-08-06,515,51982,3749.6530000000002,399164.718
2014-08-07,2310,49280,23107.186999999998,336594.346
2014-08-08,4308,48067,55241.876,342518.063
2014-08-09,574,55126,7801.4090000000006,488391.37799999991
2014-08-10,612,53847,8316.728,501365.03700000013
2014-08-11,530,52356,5558.169,403986.40600000008
2014-08-12,488,50923,4657.729,349239.483
2014-08-13,623,51179,6041.53,366074.01499999996
2014-08-14,2331,48663,22435.845,318304.97199999995
2014-08-15,4456,48287,58079.563,344552.277
2014-08-16,578,55711,7813.477,526182.67799999984
2014-08-17,559,54772,8698.121000000001,555745.05199999979
2014-08-18,514,52854,5641.9580000000005,427399.34099999996
2014-08-19,512,51871,5322.6739999999991,374007.279
2014-08-20,582,52412,5910.419,392192.37200000009
2014-08-21,2412,49330,23651.417,331457.45800000004
2014-08-22,4479,48056,57139.729999999996,331220.1684
2014-08-23,649,55484,9549.1320000000014,490129.07600000006
2014-08-24,680,54580,10426.403,518564.158
2014-08-25,591,52382,6827.5679999999993,405422.50699999993
2014-08-26,516,51395,5545.179000000001,349508.729
2014-08-27,623,51348,6253.5240000000013,360067.974
2014-08-28,2175,48569,20501.372000000003,307411.055
2014-08-29,4268,48836,55097.412,348191.50500000006
2014-08-30,437,57346,5509.023,580864.67100000009
2014-08-31,455,56619,6638.676,653449.50699999987
2014-09-01,633,71321,7596.821,804929.398
2014-09-02,2300,68386,38209.381000000008,679142.172
2014-09-03,4724,65209,144204.622,582479.241
2014-09-04,2657,64968,33925.248000000007,517414.82899999991
2014-09-05,4802,63419,68561.159000000014,534482.0829
2014-09-06,959,72726,15566.228,854573.21800000011
2014-09-07,942,72157,20920.276000000005,977043.80199999991
2014-09-08,802,67754,13901.368,634750.37700000021
2014-09-09,2511,64422,38876.393000000004,523544.17500000005
2014-09-10,4874,62593,138470.197,474517.27499999985
2014-09-11,2737,63559,30112.262000000002,453350.69100000011
2014-09-12,4727,63353,62155.212999999989,502227.63500000013
2014-09-13,1018,72707,16113.171,779689.06699999992
2014-09-14,1020,72085,20453.381,876048.18099999975
2014-09-15,870,68499,14272.144,616438.42899999989
2014-09-16,2647,66333,42546.354000000007,565693.619
2014-09-17,4999,62983,140955.718,476516.62600000005
2014-09-18,2683,63175,29674.105000000003,449826.73800000007
2014-09-19,4614,62837,60971.505000000005,489240.58900000009
2014-09-20,898,72514,15045.98,793444.78300000017
2014-09-21,975,71724,19804.763,881615.68800000008
2014-09-22,798,67329,11878.456,577241.83799999987
2014-09-23,2593,65200,36917.4,523036.90400000004
2014-09-24,4837,63058,132505.98299999998,465677.13170000009
2014-09-25,2489,63027,24244.265,442623.11200000008
2014-09-26,4319,62585,54372.675,461101.549
2014-09-27,632,72609,9373.328,771828.03999999992
2014-09-28,739,72219,12819.402999999997,873712.38699999987
2014-09-29,582,67930,6808.166,579874.65600000008
2014-09-30,2278,67585,32654.838999999996,566439.0767
2014-10-01,4804,67669,149862.314,634637.94080000021
2014-10-02,2616,68113,34376.45,599930.06900000013
2014-10-03,4482,66485,69458.054000000018,606181.241
2014-10-04,735,74358,12884.909,918432.604
2014-10-05,658,72985,14585.619999999999,970881.343
2014-10-06,606,69075,7641.422,633839.33500000008
2014-10-07,2353,66307,33335.465999999993,553035.805
2014-10-08,4784,63577,125734.041,494467.2827
2014-10-09,2450,64683,25668.586999999996,484851.336
2014-10-10,4569,66905,68664.239,633806.07900000014
2014-10-11,564,72231,7581.6730000000007,740727.48099999991
2014-10-12,648,71850,9683.1889999999985,834287.94400000025
2014-10-13,565,68077,5999.075,605727.85099999991
2014-10-14,2357,65200,32564.041000000005,518025.53230000008
2014-10-15,4945,63931,135017.12300000002,489780.34619999997
2014-10-16,2557,65419,28631.816999999995,509620.79000000004
2014-10-17,4551,63510,58649.02199999999,499889.11400000018
2014-10-18,769,73465,9096.594000000001,811744.37700000009
2014-10-19,769,73194,9930.476,925480.12000000023
2014-10-20,609,68514,5527.422,619101.56900000013
2014-10-21,2086,65721,28722.654000000006,513484.51129999995
2014-10-22,4755,62904,127773.172,457153.18399999995
2014-10-23,2526,64401,25093.522999999997,467139.70899999992
2014-10-24,4477,63280,55060.71,473342.96999999991
2014-10-25,1003,72783,10446.569000000001,748479.662
2014-10-26,1020,72608,11542.926,880585.57300000009
2014-10-27,583,68096,5075.7660000000005,567708.136
2014-10-28,2327,65049,29371.403,483307.40869999985
2014-10-29,4953,62398,120698.18800000002,440121.49000000017
2014-10-30,2357,64118,21797.919999999995,437917.34609999997
2014-10-31,4421,64798,56004.147000000004,505870.92500000005
2014-11-01,975,75246,12928.651999999998,860610.59600000049
2014-11-02,944,70561,10326.912,699524.57999999984
2014-11-03,690,74251,10668.419000000002,962523.62300000037
2014-11-04,2373,69140,35044.276,667707.6777
2014-11-05,4858,66135,143319.889,575480.04999999993
2014-11-06,2519,66104,28503.787,537614.594
2014-11-07,4392,64905,56170.543999999994,529159.714
2014-11-08,861,73271,10186.029999999999,805878.61500000022
2014-11-09,956,73109,13303.054000000002,928175.36799999967
2014-11-10,540,68667,5602.366,587774.42699999991
2014-11-11,2362,65634,32075.776000000005,520429.97429999989
2014-11-12,4810,63141,124041.84,464050.64400000003
2014-11-13,2503,63828,23946.635000000002,444110.75199999992
2014-11-14,4434,63925,53852.754000000008,499155.217
2014-11-15,1184,73592,12878.962,773245.23899999948
2014-11-16,1058,74049,14486.334,942133.06800000009
2014-11-17,754,68996,8490.184,612386.15600000008
2014-11-18,2663,65794,32850.309000000008,520516.89530000009
2014-11-19,5147,62669,125065.02600000001,455168.98529999994
2014-11-20,2824,65008,27676.482,484179.279
2014-11-21,4573,64315,55893.147,512085.58599999984
2014-11-22,868,73225,10799.169,752920.97999999986
2014-11-23,973,73432,13575.105,893857.55299999984
2014-11-24,710,68712,7160.784,603687.17300000007
2014-11-25,2544,65403,33086.049,508139.55899999995
2014-11-26,5021,63013,126216.13400000002,452909.1719999999
2014-11-27,2774,63720,24124.599,451699.298
2014-11-28,4654,64246,57481.665,502138.15999999992
2014-11-29,994,75481,12405.560999999998,838519.544
2014-11-30,1076,75516,14168.91,1009522.372
2014-12-01,1423,72779,16397.365,801016.19699999981
2014-12-02,3045,70301,42044.072,693275.11200000008
2014-12-03,5359,66919,136821.292,578305.32260000007
2014-12-04,3216,67142,32910.816999999995,546050.70000000007
2014-12-05,4849,66414,61416.341000000008,574028.81199999992
2014-12-06,1151,75147,14581.777999999998,814804.92800000019
2014-12-07,1165,75369,17139.325,996750.48299999989
2014-12-08,922,71613,9232.966,781050.32499999984
2014-12-09,2992,68362,36912.004,628211.9589999998
2014-12-10,5562,65303,151968.68099999998,580152.3521
2014-12-11,3159,66966,33713.887,546828.292
2014-12-12,4853,65962,64269.865000000013,578490.522
2014-12-13,1261,75812,22061.160999999996,832769.74500000011
2014-12-14,1410,76310,28571.871000000003,970534.262
2014-12-15,1025,73146,20292.951000000005,769886.99500000011
2014-12-16,2973,70794,48195.522000000004,750871.534
2014-12-17,5290,68267,146219.49599999998,633747.003
2014-12-18,3179,69721,52864.768000000011,679073.712
2014-12-19,4940,67778,86469.587,670879.78899999976
2014-12-20,1534,75710,59625.579,875929.946
2014-12-21,1579,76615,63357.804000000011,993247.39600000018
2014-12-22,1582,75302,72715.064,935428.282
2014-12-23,3365,73299,107622.26500000001,957355.709
2014-12-24,5828,69677,178116.61000000004,787866.26200000022
2014-12-26,5714,70165,95831.758999999991,776266.69800000009
2014-12-27,1747,72929,35992.149,704604.01
2014-12-28,1859,71086,40366.274000000005,675963.36100000015
2014-12-29,1783,73031,45036.445,728959.95600000024
2014-12-30,3494,73486,78608.269,834362.26400000008
2014-12-31,5648,68816,154815.53900000002,689564.931
2015-01-01,12,1164,180.476,12593.141
2015-01-02,4949,55989,80866.175000000017,576897.217
2015-01-03,1306,60308,19255.341,629625.3459999999
2015-01-04,1295,59836,21072.711,709851.06500000018
2015-01-05,1148,57878,15382.149000000001,553885.14900000009
2015-01-06,1042,56536,13066.256,464820.48500000004
2015-01-07,1291,56892,14923.150999999998,479237.69899999991
2015-01-08,3063,53682,30919.735000000004,386562.95399999997
2015-01-09,4761,52430,62521.557000000008,376859.66900000005
2015-01-10,954,60073,9779.222,560177.686
2015-01-11,1058,60269,12940.289,681920.66199999989
2015-01-12,1043,56435,8905.786,433939.75799999991
2015-01-13,1213,54836,12064.768000000002,381735.22499999992
2015-01-14,1586,54697,17408.992000000002,383514.97900000005
2015-01-15,2608,53233,25644.185,345501.95999999996
2015-01-16,4510,52682,59355.921000000009,364244.015
2015-01-17,712,61735,10047.771,611817.66300000006
2015-01-18,577,60809,7671.064,670605.967
2015-01-19,588,56911,5986.34,442231.557
2015-01-20,569,56628,5323.2300000000014,399985.54699999996
2015-01-21,697,56331,6733.1279999999988,406469.46400000004
2015-01-22,2598,53435,25304.681999999997,339557.85699999996
2015-01-23,4475,52981,58950.417000000009,357985.765
2015-01-24,632,61589,8715.431,580134.44000000006
2015-01-25,616,60484,8486.131,623137.82000000018
2015-01-26,540,56497,4907.454,405102.16400000005
2015-01-27,560,55199,5261.853,354747.99700000015
2015-01-28,639,55497,5821.96,371113.956
2015-01-29,2696,52635,25946.570999999996,317115.58999999997
2015-01-30,4647,53526,62849.694999999978,373049.977
2015-01-31,763,63133,11130.872000000001,645074.97000000009
2015-02-01,727,63434,12162.112000000003,803132.36400000006
2015-02-02,653,60021,8065.0729999999994,530236.814
2015-02-03,583,58690,6495.426,468754.41699999996
2015-02-04,687,58278,8050.346,443872.80100000004
2015-02-05,2640,54935,27593.304000000004,379898.66399999993
2015-02-06,4645,53552,60524.202999999987,376623.342
2015-02-07,721,62010,10074.633,589836.96199999982
2015-02-08,690,61077,10022.782,612971.45000000007
2015-02-09,722,58214,8280.142,449722.01000000007
2015-02-10,694,57105,7096.2179999999989,393729.76699999993
2015-02-11,766,56988,7955.772,392159.56099999993
2015-02-12,2613,54597,25842.9,359120.24299999996
2015-02-13,4536,56194,62962.838,430302.63
2015-02-14,697,63051,11249.783,551605.285
2015-02-15,576,58272,8074.133,426812.53899999993
2015-02-16,574,57122,7485.0869999999995,413255.81700000004
2015-02-17,609,58769,8276.8120000000017,474811.322
2015-02-18,670,60817,7273.9889999999987,490225.069
2015-02-19,2616,57384,31464.323999999993,404895.582
2015-02-20,4387,56604,60013.271000000008,423667.74400000006
2015-02-21,443,63223,6236.624,566516.45100000012
2015-02-22,573,63451,7961.3320000000022,683377.73599999992
2015-02-23,425,59027,4695.912,438653.97899999993
2015-02-24,411,58358,4448.9090000000006,403441.369
2015-02-25,476,58064,4229.778,391545.176
2015-02-26,2631,54694,24780.307000000004,330157.92000000004
2015-02-27,4475,55640,56902.293,379586.132
2015-02-28,504,64737,7001.9739999999993,628261.42600000009
2015-03-01,617,65574,9352.369,811082.6100000001
2015-03-02,464,62164,5071.6570000000011,540966.13099999994
2015-03-03,571,61011,6317.964,486047.277
2015-03-04,608,60891,6245.738,477084.81
2015-03-05,2679,57363,28602.664999999997,399997.144
2015-03-06,4451,56321,59028.118000000009,404695.857
2015-03-07,660,64804,7277.2710000000006,650099.93999999983
2015-03-08,538,62840,5740.932,653822.4800000001
2015-03-09,557,60392,4791.4069999999992,475580.54299999995
2015-03-10,567,59838,5418.248,452463.51599999995
2015-03-11,572,59097,4549.82,421067.907
2015-03-12,2664,55914,25207.835,357380.83400000009
2015-03-13,4501,55564,54904.35100000001,379901.64400000009
2015-03-14,649,64416,7247.993,609361.768
2015-03-15,636,63247,7272.9090000000006,655427.96299999987
2015-03-16,597,60073,5199.101,461399.32500000013
2015-03-17,581,59081,4901.503,410458.013
2015-03-18,600,58176,4753.421,393876.57899999997
2015-03-19,2698,55863,25526.963,347797.42
2015-03-20,4477,57366,60658.141999999985,407029.803
2015-03-21,597,65528,9415.707,614683.52100000007
2015-03-22,666,64278,10405.838,636060.564
2015-03-23,543,61220,5830.119,456834.11800000007
2015-03-24,445,59905,5138.0470000000005,402231.67499999993
2015-03-25,579,59737,5565.4730000000009,402692.717
2015-03-26,2769,56116,26380.022999999994,340626.93399999995
2015-03-27,4596,56433,57607.901999999987,379298.70700000005
2015-03-28,587,64989,9014.95,580839.754
2015-03-29,669,64229,11106.859,630106.91100000008
2015-03-30,632,59983,6716.249,431162.58600000007
2015-03-31,590,60630,6608.4540000000006,436670.439
2015-04-01,777,63502,10091.244,547131.917
2015-04-02,2854,60476,31976.022000000004,492612.87999999995
2015-04-03,4598,57648,57578.128000000004,452718.65799999994
2015-04-04,712,64957,10754.34,643139.856
2015-04-05,707,63096,10957.662999999999,648711.91399999987
2015-04-06,578,61474,7018.3760000000011,512716.441
2015-04-07,631,60512,6836.338,457950.88
2015-04-08,753,59947,7520.8509999999987,453619.36199999996
2015-04-09,2883,56406,27725.999999999996,370992.31600000005
2015-04-10,4725,55977,60995.976,384873.322
2015-04-11,736,64465,9622.78,600980.237
2015-04-12,715,63645,9761.1870000000017,650177.83699999994
2015-04-13,643,60052,5985.335,447738.42100000003
2015-04-14,666,58868,6890.227,396733.17
2015-04-15,739,60114,7316.509,430789.7790000001
2015-04-16,3374,57308,34059.399,384583.79500000004
2015-04-17,5102,56015,63786.263999999996,392516.97300000006
2015-04-18,1195,64642,13790.944000000001,615364.717
2015-04-19,1249,63697,14971.220999999998,669573.72899999993
2015-04-20,1146,60549,9579.3090000000011,472115.46199999994
2015-04-21,1090,59583,8780.119,417237.194
2015-04-22,1250,58983,10608.839000000002,410499.37099999993
2015-04-23,3300,56356,31961.645000000008,360185.397
2015-04-24,5216,55444,64896.035,372729.47299999994
2015-04-25,1185,63927,17352.782,571428.73099999968
2015-04-26,1169,63247,18630.757,607270.244
2015-04-27,1046,59305,11796.225,413252.923
2015-04-28,1057,58065,9647.4530000000013,365186.732
2015-04-29,1012,58513,10756.317000000001,387968.01300000004
2015-04-30,3267,57867,34127.436,398484.70600000006
2015-05-01,5555,61312,89639.166999999987,584870.23299999989
2015-05-02,1343,65867,22048.069,689004.205
2015-05-03,1381,64531,24264.905,718622.87999999989
2015-05-04,1282,64196,16781.240999999998,539459.907
2015-05-05,1240,63555,15213.437000000002,494279.78999999992
2015-05-06,1340,63267,16855.332,488144.21899999992
2015-05-07,3372,59378,37368.354,406713.956
2015-05-08,5130,58390,70319.700999999986,410984.52199999994
2015-05-09,1156,68408,17797.941000000003,688907.49900000007
2015-05-10,1024,64189,14329.831,543732.442
2015-05-11,1055,66240,13001.987000000001,511862.06400000013
2015-05-12,1014,64069,11276.990999999998,440885.88300000003
2015-05-13,1172,63231,12709.28,434206.35900000011
2015-05-14,3153,60097,27394.252,368215.414
2015-05-15,5076,60681,62030.482999999993,421505.055
2015-05-16,1196,70801,12474.848000000002,697323.70500000007
2015-05-17,1060,70557,12800.036000000002,785386.0959999999
2015-05-18,968,65058,8701.664,487893.34700000007
2015-05-19,999,63840,6930.655999999999,439444.83199999994
2015-05-20,1232,64209,10132.565999999999,456106.065
2015-05-21,3115,60866,26966.305,390039.831
2015-05-22,4923,60139,60593.090999999986,398134.826
2015-05-23,970,70397,9599.2,649283.72299999988
2015-05-24,1012,69968,11663.212000000001,726405.215
2015-05-25,941,67352,8255.972,526546.81800000009
2015-05-26,887,65867,6903.3739999999989,456229.03200000012
2015-05-27,1007,65933,7836.0869999999995,473968.87400000013
2015-05-28,3183,62352,27969.409,400537.472
2015-05-29,5079,65619,65602.859000000011,494916.67100000003
2015-05-30,992,76763,11149.947,844578.34499999986
2015-05-31,1025,76811,13762.739,1009802.028
2015-06-01,1388,79465,12119.261999999999,799961.94100000011
2015-06-02,3643,76424,49689.163,703741.479
2015-06-03,5581,73419,143865.962,604063.49000000022
2015-06-04,3401,73696,34600.842999999993,574393.80300000019
2015-06-05,5144,72694,67721.285,589953.84099999978
2015-06-06,1066,82894,10068.275000000001,894368.995
2015-06-07,1068,83051,13442.257999999998,1057253.6599999997
2015-06-08,949,77349,7423.6119999999992,689529.20000000007
2015-06-09,3216,73704,39527.443,584197.66400000011
2015-06-10,5373,70857,128435.67699999998,512999.69499999995
2015-06-11,1369,72548,13616.575999999997,496401.57300000003
2015-06-12,6500,69744,73065.761999999988,533550.239
2015-06-13,1564,82009,15937.740999999998,824790.03500000015
2015-06-14,2239,81137,28442.417999999998,939303.30299999984
2015-06-15,1495,76794,14583.203,651973.92900000012
2015-06-16,3629,75098,48737.695000000014,623900.129
2015-06-17,8606,69191,166802.052,510368.1050000001
2015-06-18,1775,74094,15890.143000000002,540264.89600000007
2015-06-19,6748,70860,80648.241999999984,578585.329
2015-06-20,1586,83292,16702.192,920249.46200000017
2015-06-21,2389,78763,24368.549,766199.872
2015-06-22,1617,77719,15941.973,673026.256
2015-06-23,3756,74446,48250.268,592072.05800000019
2015-06-24,9265,67485,164902.72300000003,478508.99099999992
2015-06-25,1154,74006,10871.757,507829.19900000014
2015-06-26,6213,70366,67409.542,525889.919
2015-06-27,1166,82849,9703.9070000000011,821788.55700000015
2015-06-28,1994,82053,23416.513999999996,953147.07499999984
2015-06-29,1006,77220,10035.123999999998,629037.068
2015-06-30,2927,76834,41806.840000000011,627741.5850000002
2015-07-01,8448,75818,190210.74300000005,695742.458
2015-07-02,1306,80069,16587.944000000003,689054.33800000011
2015-07-03,6484,75531,89408.31700000001,683365.07699999982
2015-07-04,1252,86201,13858.681999999999,1004683.1610000001
2015-07-05,2065,83079,24928.395,957499.28700000013
2015-07-06,1033,80189,11979.806,742969.903
2015-07-07,2971,74172,41301.717000000004,613519.334
2015-07-08,8236,71601,166909.34,566082.79
2015-07-09,1214,76652,12957.036,592075.46
2015-07-10,6406,72441,74791.492999999988,569194.88800000015
2015-07-11,1137,82591,11692.904999999999,783291.79800000018
2015-07-12,1942,82020,22150.902000000002,876581.035
2015-07-13,1009,78344,10928.575,637038.50299999991
2015-07-14,2851,75380,38578.043,562874.2150000002
2015-07-15,8255,70954,156808.31600000002,507696.7840000001
2015-07-16,1225,77277,13069.523,570973.204
2015-07-17,6503,72963,78667.542999999976,574783.628
2015-07-18,1126,83806,11124.770999999999,815228.56499999983
2015-07-19,1938,82176,21616.733999999997,873090.565
2015-07-20,1357,79678,17614.666,668346.578
2015-07-21,3157,75657,42691.188999999991,565145.31
2015-07-22,8415,69676,157548.31100000002,473837.09799999988
2015-07-23,1482,75658,16126.938000000002,525384.48300000012
2015-07-24,6714,73394,79614.472999999984,555629.77199999988
2015-07-25,1529,84384,16744.107,780683.414
2015-07-26,2383,83016,30733.055999999997,844298.9800000001
2015-07-27,1466,79222,17561.318,635437.87599999993
2015-07-28,3408,76263,43917.509000000005,551060.15799999994
2015-07-29,8747,70661,154278.74999999997,471171.23099999985
2015-07-30,1662,77087,18173.759,525219.83399999992
2015-07-31,7021,76242,84848.485,610234.96399999992
2015-08-01,1448,89205,17429.545000000002,1027465.2449999999
2015-08-02,2194,86237,27056.527000000002,1016438.9480000001
2015-08-03,1405,83487,15774.906,795344.92800000019
2015-08-04,3489,79669,51548.743999999992,675064.61400000006
2015-08-05,8919,73666,163404.12399999995,560942.47000000009
2015-08-06,1529,78307,17731.621,565643.591
2015-08-07,6744,74585,81986.718999999983,581339.799
2015-08-08,1436,84375,15436.734999999999,768662.481
2015-08-09,2287,79480,23284.271999999997,656125.85299999989
2015-08-10,1389,82750,18491.693000000003,766986.24099999992
2015-08-11,3358,77779,44203.98799999999,624076.36999999988
2015-08-12,7917,73256,144331.878,533732.854
2015-08-13,1482,77515,16379.843,541479.63499999978
2015-08-14,6748,74514,82551.525000000009,651932.68
2015-08-15,1434,86291,17684.600000000002,918654.42599999974
2015-08-16,2166,83695,26685.467,887161.158
2015-08-17,1393,80990,16517.888,678229.274
2015-08-18,3316,77470,43106.10100000001,586369.54200000013
2015-08-19,7781,72503,135813.38499999998,517919.97499999992
2015-08-20,1511,78062,18230.650999999998,551213.053
2015-08-21,7086,76213,80472.925000000017,572808.283
2015-08-22,1653,86947,18698.647,784571.51099999982
2015-08-23,2412,85180,28694.434,837060.963
2015-08-24,1491,82451,17247.945,664328.045
2015-08-25,3525,78815,43997.52900000001,580700.80899999989
2015-08-26,8142,73822,137821.90399999998,502254.08699999982
2015-08-27,1462,79031,14696.838,533346.48900000006
2015-08-28,6846,75707,78281.573,557455.659
2015-08-29,1484,88842,17363.234999999997,859589.862
2015-08-30,2310,87227,29533.905000000002,946163.69700000051
2015-08-31,1257,85229,15507.288999999999,760645.26300000015
2015-09-01,3595,86652,56884.271,849665.722
2015-09-02,8161,80825,167888.36399999997,711144.728
2015-09-03,2241,83171,41789.25,665303.79200000013
2015-09-04,7802,77780,110743.083,625652.21999999986
2015-09-05,2570,90304,58590.35,994278.04500000039
2015-09-06,3486,88171,84124.519,1063518.0640000002
2015-09-07,2391,83634,54715.872999999992,712666.903
2015-09-08,4385,79852,77545.746999999988,599766.48900000006
2015-09-09,8964,74937,175500.84299999996,530132.65699999989
2015-09-10,2597,78726,45236.545000000006,532507.25
2015-09-11,7873,75080,106129.553,545200.61500000011
2015-09-12,2572,88363,61396.699,860127.737
2015-09-13,3511,86311,81258.886000000013,942086.433
2015-09-14,2433,81673,51284.840000000004,637120.35000000009
2015-09-15,4657,79607,87295.206000000035,594839.14800000016
2015-09-16,9156,75908,188244.63000000006,553845.03800000006
2015-09-17,2563,79699,48161.475999999995,545416.32600000012
2015-09-18,7943,75707,107963.81200000002,545842.06300000008
2015-09-19,2727,88926,61944.831000000006,873948.64999999979
2015-09-20,3551,87077,82705.914,954826.94600000023
2015-09-21,2517,82877,55264.403,662460.97399999993
2015-09-22,4480,78779,81245.715,560669.024
2015-09-23,9189,74440,181669.59899999996,508750.12299999996
2015-09-24,2352,78960,33016.534,524305.07699999993
2015-09-25,7739,75670,95901.298,550182.577
2015-09-26,2486,88765,45189.476,845296.584
2015-09-27,3382,87618,68070.906,949992.05799999984
2015-09-28,2245,81905,40804.802,630456.26200000022
2015-09-29,4278,78662,64873.674,544256.98400000017
2015-09-30,9027,76453,171927.21999999997,539255.3189999999
2015-10-01,2231,91490,39070.458000000006,757270.401
2015-10-02,7801,85762,112817.42600000002,717901.96200000029
2015-10-03,2220,97538,44120.306000000004,1135255.8710000003
2015-10-04,3011,95051,57988,1176142.9390000002
2015-10-05,1990,89741,35672,773852.838
2015-10-06,3989,85205,62542.558999999994,633626.71700000006
2015-10-07,8798,80187,160471.07399999996,560091.2570000001
2015-10-08,2042,84460,30777.422,572288.608
2015-10-09,7815,86883,116584.82399999998,757349.895
2015-10-10,1969,94017,34020.074,833536.899
2015-10-11,2852,92850,50686.477,922642.727
2015-10-12,1864,88945,33306.464,688323.10799999989
2015-10-13,3899,82985,56745.68499999999,528395.86900000006
2015-10-14,8778,79974,162745.601,525452.505
2015-10-15,1289,86496,15124.539,562827.65799999982
2015-10-16,6959,84021,84207.829999999987,609621.52199999976
2015-10-17,1355,97091,18073.214,939979.74400000006
2015-10-18,2212,96021,29288.746,1042188.3570000002
2015-10-19,1166,89391,14079,685180.4879999999
2015-10-20,3039,86774,42564.418,617743.943
2015-10-21,7950,80564,147360.48200000002,525486.864
2015-10-22,1019,84841,12122.291999999998,534897.75499999989
2015-10-23,6519,82035,74460.09599999999,564580.51000000013
2015-10-24,915,95467,11807.496,848143.21500000008
2015-10-25,1822,96048,21903.439,996879.70299999975
2015-10-26,842,88612,9763.474,640150.878
2015-10-27,2944,83742,35844.107,551221.994
2015-10-28,7811,78778,129579.90699999999,469807.21500000008
2015-10-29,1392,83131,16922.956999999995,494937.11199999996
2015-10-30,7060,82696,82169.75,553706.141
2015-10-31,1667,97688,26759.374999999996,889197.477
2015-11-01,2621,92928,34337.602,784912.78599999985
2015-11-02,1715,91282,29912.304,732637.49100000015
2015-11-03,3898,93726,75604.69,957834.44299999985
2015-11-04,9041,85283,187470.70400000003,668023.7359999998
2015-11-05,1872,88363,25656.84,624005.83100000012
2015-11-06,7448,82846,90809.787000000011,580336.00100000016
2015-11-07,1881,95959,31068.38,898654.96399999992
2015-11-08,2868,95934,47324,1030037.9559999997
2015-11-09,1707,88277,26558.355,657086.5469999999
2015-11-10,3788,84726,52162.863000000005,571366.316
2015-11-11,8741,79892,157045.78100000002,532700.43099999987
2015-11-12,1777,82824,20162.641,486775.023
2015-11-13,7175,81506,84519.853,542154.172
2015-11-14,2300,95268,34141.118,833456.215
2015-11-15,3508,95629,56450.239,999709.223
2015-11-16,2524,89555,34226.611,682282.09799999977
2015-11-17,4525,84550,56725.691000000006,562194.2969999999
2015-11-18,9935,79574,172677.415,511276.772
2015-11-19,2888,84137,30041.756,530410.8110000001
2015-11-20,8109,82244,93069.687,572549.98099999991
2015-11-21,2473,94978,34920.600000000006,828806.28199999977
2015-11-22,3537,94666,55095.488999999994,960748.79599999974
2015-11-23,2307,88745,30757.279000000002,665928.182
2015-11-24,4508,84685,55781.684,556928.517
2015-11-25,9548,79064,166080.27,492837.56
2015-11-26,2134,83528,21760.518,508597.81199999992
2015-11-27,7812,79901,91370.677000000025,553715.359
2015-11-28,2432,94523,33857.081999999995,816738.92199999979
2015-11-29,3235,96043,56015.668000000005,1014604.1350000001
2015-11-30,2190,90957,31935.756,730100.368
2015-12-01,5121,91897,74949.074,782671.8690000003
2015-12-02,10113,85743,189749.989,677519.587
2015-12-03,2513,89629,29544.566000000003,647338.46600000013
2015-12-04,8073,84076,92624.328,656729.804
2015-12-05,2404,97971,35153.182,931049.18599999987
2015-12-06,3188,97522,53245.156,1089874.1630000004
2015-12-07,2031,92152,30514.247000000003,791820.46199999994
2015-12-08,4241,87541,58466.056999999993,654103.11300000013
2015-12-09,9603,82189,169772.68999999997,578121.092
2015-12-10,2013,86829,24199.950000000004,633227.22900000017
2015-12-11,7574,82678,87171.169000000009,621221.639
2015-12-12,2179,96025,34943.256,880724.62799999991
2015-12-13,2924,96421,40414.4,1019011.0210000004
2015-12-14,1672,90831,22848.717999999997,788765.00400000019
2015-12-15,5965,86589,63409.796000000009,716400.15700000024
2015-12-16,11274,82160,180552.731,679377.518
2015-12-17,2120,89428,28841.486,780968.2629999998
2015-12-18,7493,84100,97313.828,796256.07399999991
2015-12-19,2231,98964,48487.011000000013,1047036.5069999999
2015-12-20,3037,99013,43138.854,1132278.11
2015-12-21,1811,96074,33308.967999999993,1039578.5089999998
2015-12-22,4122,93904,71940.428,1069921.4820000005
2015-12-23,9276,89333,215664.779,980481.2790000001
2015-12-24,1838,95822,29786.225000000002,1053894.09
2015-12-26,1725,96731,30879.353,915845.83800000011
2015-12-27,2582,92449,29364.073000000004,808350.0560000001
2015-12-28,1316,92100,22002.502000000004,767676.41099999961
2015-12-29,3848,92527,57351.523,813410.503
2015-12-30,9068,89184,201005.67499999996,829038.06099999987
2015-12-31,1638,95051,24583.174999999996,940058.36599999992
2016-01-01,159,1559,1510.8079999999998,14922.586000000001
2016-01-02,1832,98998,15766.219000000001,1050911.205
2016-01-03,2936,97434,33145.623999999996,1193590.094
2016-01-04,1741,94816,19042.572,936914.30299999972
2016-01-05,3950,90511,55276.354,780029.08499999973
2016-01-06,8959,84680,176916.46600000001,644769.19
2016-01-07,1998,88346,16382.891999999998,637121.475
2016-01-08,7235,84336,80821.09699999998,632787.237
2016-01-09,1793,98137,15667.860999999995,973540.597
2016-01-10,2700,96869,27407.749,1067286.0880000002
2016-01-11,1467,90139,13707.140000000001,691788.10099999991
2016-01-12,3683,86532,46343.499,600713.96199999971
2016-01-13,8823,80535,150111.99899999998,509933.31799999991
2016-01-14,1917,85871,17060.723,544911.9
2016-01-15,7696,83641,82062.253999999986,588964.846
2016-01-16,2282,98319,23638.064000000002,936189.0830000001
2016-01-17,3141,96517,31614.358,1026382.9850000001
2016-01-18,2201,90275,18976.072,690808.15799999982
2016-01-19,4738,85173,52847.137,578082.61399999983
2016-01-20,10589,82011,179673.632,559070.381
2016-01-21,940,87152,10173.518,542647.25099999981
2016-01-22,6542,84550,71324.053999999989,577106.37400000007
2016-01-23,924,98752,8845.928,897908.906
2016-01-24,1964,96689,19124.353000000003,961803.4049999998
2016-01-25,782,89892,7794.453,650296.23399999994
2016-01-26,3075,86781,38004.351999999992,571461.436
2016-01-27,8217,81499,146055.359,501198.319
2016-01-28,2483,84730,20552.238,513157.611
2016-01-29,8261,83332,84872.493999999977,575620.26400000008
2016-01-30,2791,98649,34704.799,935233.57800000021
2016-01-31,3759,97382,50767.447,1042443.7819999998
2016-02-01,2805,95649,34931.005000000005,837132.30999999994
2016-02-02,4924,90558,63518.7,701714.508
2016-02-03,9935,85074,168600.64199999996,603760.29700000014
2016-02-04,3326,89106,40225.708000000006,610102.459
2016-02-05,9244,85725,110591.26500000004,657995.243
2016-02-06,3667,96880,47589.119,894364.95699999982
2016-02-07,4184,87466,39835.726,657955.905
2016-02-08,3245,84904,34397.460999999996,602145.2159999999
2016-02-09,5542,86390,70224.17,676715.4700000002
2016-02-10,10965,84265,188438.92699999997,602549.787
2016-02-11,5650,86773,60579.483000000015,585795.888
2016-02-12,11248,81852,123178.77900000001,574973.291
2016-02-13,6018,92832,76586.024,782437.00300000014
2016-02-14,6966,90757,95230.778,844983.72100000025
2016-02-15,5744,88469,69207.089,677464.201
2016-02-16,6223,87555,85654.981000000014,633456.90500000014
2016-02-17,11241,81205,192000.347,531794.37500000012
2016-02-18,3949,84884,42606.06500000001,527466.613
2016-02-19,9501,82157,106468.85700000003,566041.277
2016-02-20,4278,94850,56487.543,827302.678
2016-02-21,5431,92934,75137.23,916247.0399999998
2016-02-22,4009,88755,50024.849,648882.78700000013
2016-02-23,6027,85420,75097.038,566232.02300000016
2016-02-24,11117,80267,177344.54100000003,498228.837
2016-02-25,3236,85395,36346.223000000005,521613.1050000001
2016-02-26,9782,81002,107793.27100000001,534129.53099999984
2016-02-27,5172,95171,74922.812,841781.25700000022
2016-02-28,6156,93130,88840.947,905661.78
2016-02-29,3956,90188,50723.891999999985,675895.86599999992
2016-03-01,6666,92833,105605.11900000002,792322.52400000021
2016-03-02,11706,86396,209447.24400000004,669005.12099999981
2016-03-03,3490,90848,40464.623999999996,631100.12800000014
2016-03-04,9322,86420,109877.52399999998,637669.27200000011
2016-03-05,3909,99038,55048.8,973571.87700000009
2016-03-06,4730,96072,67269.159999999989,1011689.3489999997
2016-03-07,3446,91625,44476.67,693649.85399999993
2016-03-08,5398,86534,66157.62,576133.72499999986
2016-03-09,10754,82046,176334.409,518311.43999999994
2016-03-10,3430,86549,36809.815,535682.042
2016-03-11,9111,83230,98198.284,566695.22899999993
2016-03-12,3825,97248,49918.577,848182.533
2016-03-13,4613,94604,63651.271,891329.05900000012
2016-03-14,3453,89767,40592.325000000004,627474.06799999985
2016-03-15,5709,88001,75007.061000000016,593176.64200000011
2016-03-16,10828,83338,188917.158,550888.22
2016-03-17,4979,86081,41714.093,538738.439
2016-03-18,9539,83263,95391.72099999999,571365.098
2016-03-19,4430,96752,49846.026000000005,845192.4859999998
2016-03-20,5296,93962,65450.414,864155.168
2016-03-21,4119,90316,43462.021,647007.77999999991
2016-03-22,5900,84878,69191.404,553504.43300000008
2016-03-23,11249,81459,177580.47500000003,537300.69899999991
2016-03-24,2340,90551,18701.547,641788.29800000007
2016-03-25,7584,84084,62618.09599999999,570906.104
2016-03-26,2400,96132,20650.773000000005,779482.744
2016-03-27,3329,93534,28512.947,804823.1179999999
2016-03-28,2380,90650,19161.877999999997,641895.988
2016-03-29,4467,87125,48840.126,572325.937
2016-03-30,9807,82490,154412.05,505726.939
2016-03-31,3581,89235,32254.158999999996,585120.17900000012
2016-04-01,9793,91090,126217.414,746249.90600000019
2016-04-02,3941,102604,55503.542,1095321.0389999999
2016-04-03,5092,99609,72629.481,1194278.8110000002
2016-04-04,3643,93526,43360.839,751876.35299999989
2016-04-05,5677,89593,75583.864,650166.237
2016-04-06,11186,83322,191234.85600000006,553549.98700000008
2016-04-07,3080,87933,39068.624999999993,548871.09500000009
2016-04-08,9240,84909,112711.90000000001,577015.296
2016-04-09,4143,97918,71180.562,856800.82699999993
2016-04-10,5403,94945,97141.775999999983,911734.963
2016-04-11,4377,88554,60403.434,604945.52999999991
2016-04-12,6825,86059,93102.56700000001,558554.46700000006
2016-04-13,12374,79997,197899.048,474712.4329999999
2016-04-14,3484,85991,34796.226,511988.983
2016-04-15,9158,84782,98610.469999999972,568995.83
2016-04-16,3954,97012,45686.848000000005,816434.64399999985
2016-04-17,4986,95924,77256.594,1194577.145
2016-04-18,4075,94654,82875.173999999985,1263045.4310000003
2016-04-19,6110,91004,106817.74599999998,1045271.462
2016-04-20,12650,84126,210618.70500000002,851807.58500000031
2016-04-21,5526,87940,67769.454,930363.32799999986
2016-04-22,11038,82958,126203.87600000002,730855.3679999999
2016-04-23,5737,95495,71781.545999999988,950361.58899999992
2016-04-24,6762,92510,87583.636000000013,951786.29600000032
2016-04-25,5125,86533,54143.409,625857.345
2016-04-26,7306,83358,78629.028,626170.3899999999
2016-04-27,13522,77019,189767.67099999997,480520.427
2016-04-28,6363,81715,54354.497999999992,488985.35100000008
2016-04-29,14393,78967,143158.94400000005,565552.485
2016-04-30,10349,94046,123650.02,943685.75000000023
2016-05-01,12056,93170,167459.68099999995,1102661.527
2016-05-02,9677,88079,99144.336,874841.33399999992
2016-05-03,12286,84506,135239.04799999998,656966.50199999986
2016-05-04,17422,78680,239699.99499999997,558954.459
2016-05-05,9971,83135,88241.592999999979,560460.00999999978
2016-05-06,16096,79124,159808.906,601613.61
2016-05-07,10650,93758,122900.48800000001,945524.289
2016-05-08,10736,87009,107305.578,713519.06
2016-05-09,10233,85714,100097.97,671669.684
2016-05-10,12099,81048,118081.47499999998,574929.012
2016-05-11,15793,77935,206273.433,521270.03
2016-05-12,8951,81559,62444.327,540949.88000000012
2016-05-13,14003,79014,127150.13599999997,539683.764
2016-05-14,9545,93522,91720.206,829886.31500000018
2016-05-15,10418,92970,113770.29899999998,956561.3679999999
2016-05-16,8877,86804,80793.143000000011,665326.544
2016-05-17,10975,82210,99305.8,562624.039
2016-05-18,14599,75940,185688.02599999998,485544.93299999996
2016-05-19,8973,81612,65362.026000000013,516108.5340000001
2016-05-20,14004,80249,132097.29100000003,573926.76700000011
2016-05-21,9307,92813,84234.643000000011,826521.52000000014
2016-05-22,10339,92113,108640.206,922031.417
2016-05-23,8534,85699,66377.292,628627.38899999985
2016-05-24,10606,80159,96360.666999999987,510016.53799999988
2016-05-25,15657,74395,183255.20200000002,454255.83699999994
2016-05-26,10758,78752,86058.12,485910.50299999985
2016-05-27,17133,81175,198238.15000000002,654451.0689999999
2016-05-28,11524,87015,122331.587,693855.63300000015
2016-05-29,12737,86841,158075.12,801778.53800000006
2016-05-30,11392,83058,119445.74999999997,633006.66900000011
2016-05-31,14668,85387,193058.496,781269.494
2016-06-01,15912,80611,236613.567,574911.753
2016-06-02,8059,85217,81957.530999999988,612578.40499999991
2016-06-03,11747,82337,143411.927,598951.15799999994
2016-06-04,6666,95155,103828.183,908168.433
2016-06-05,7628,94290,125608.806,998125.62999999989
2016-06-06,6262,87092,81799.989,648094.234
2016-06-07,8345,82917,102066.27500000001,556648.37800000014
2016-06-08,13972,77628,210789.45800000004,485958.09200000006
2016-06-09,6261,81055,61407.463,485732.14999999997
2016-06-10,12011,77572,130480.23400000003,506874.08599999995
2016-06-11,7639,91034,98856.635,746981.571
2016-06-12,8585,90907,121557.911,825921.85400000017
2016-06-13,7235,84382,85462.434999999983,599919.75799999991
2016-06-14,9714,80745,111100.61600000002,511167.15699999995
2016-06-15,16034,76466,232537.602,475790.035
2016-06-16,7642,83574,80822.056,539704.18699999992
2016-06-17,13274,79362,150136.794,587760.64399999985
2016-06-18,8524,93180,112314.83799999999,860656.27199999988
2016-06-19,8814,89016,106677.071,730685.9530000001
2016-06-20,7609,86923,98175.708,637578.65700000012
2016-06-21,9623,82931,117486.12899999999,561761.89299999992
2016-06-22,15476,76112,225629.687,452100.96400000004
2016-06-23,6384,83559,47330.861000000004,512322.47599999979
2016-06-24,11846,79471,108392.658,533420.018
2016-06-25,6984,93385,65689.439999999988,794607.395
2016-06-26,8257,92896,84169.258999999976,870175.408
2016-06-27,6513,85915,54814.318,629921.2910000002
2016-06-28,8118,82278,74423.593999999983,522525.341
2016-06-29,13620,77055,173500.194,458989.283
2016-06-30,6662,83383,47803.928000000007,506340.93700000003
2016-07-01,12713,87555,142510.279,714517.27500000014
2016-07-02,7331,99097,80329.582,998155.559
2016-07-03,8070,97091,91401.635999999984,1035312.0719999999
2016-07-04,6906,91862,63943.049,786948.549
2016-07-05,9188,86849,94614.093999999983,633397.46399999992
2016-07-06,16405,79866,211004.494,541106.44599999988
2016-07-07,5265,86992,38113.107,553589.67499999981
2016-07-08,12532,82019,117537.237,571026.16300000006
2016-07-09,7671,94430,70151.289,798108.6819999998
2016-07-10,8786,93281,88370.276,844116.02400000021
2016-07-11,7134,87724,58548.421999999991,629887.723
2016-07-12,8817,83851,80026.656999999977,547012.123
2016-07-13,13382,78869,171819.365,470675.03700000007
2016-07-14,5346,84409,38943.385,496180.943
2016-07-15,11407,83415,109729.09799999997,565303.331
2016-07-16,6365,97286,61164.696,826028.189
2016-07-17,7336,95157,74187.784,858398.91299999983
2016-07-18,5892,90441,52694.818000000007,649924.93300000008
2016-07-19,7823,85880,76819.214,556357.0780000001
2016-07-20,13216,81663,177628.42400000003,509220.42299999995
2016-07-21,5644,85787,41484.782,537338.90599999984
2016-07-22,10352,83292,98516.347,548117.30799999984
2016-07-23,5882,96019,52803.374,769489.09799999988
2016-07-24,6813,93642,62598.825,785268.853
2016-07-25,5681,90515,49594.915,647788.68700000027
2016-07-26,7550,86030,72206.217,550565.70700000017
2016-07-27,10781,81991,131982.57200000001,519139.41299999994
2016-07-28,5647,84068,37841.348999999995,495414.89999999985
2016-07-29,11243,84224,107939.91500000002,561645.923
2016-07-30,6377,98947,63104.292999999991,847109.57899999979
2016-07-31,7050,98028,75824.097000000009,922092.86000000022
2016-08-01,5349,97403,62882.572,832697.83299999963
2016-08-02,7884,91930,88099.506000000008,689493.333
2016-08-03,13361,85654,188352.58600000004,591492.22400000016
2016-08-04,5955,89137,67260.258,555622.84
2016-08-05,11624,84579,138238.41499999998,565854.324
2016-08-06,6266,96502,87998.610000000015,770904.602
2016-08-07,7562,94800,107436.36499999999,796885.072
2016-08-08,6231,90676,86340.835,628854.70399999979
2016-08-09,8593,85684,106136.95199999999,529402.029
2016-08-10,13998,80205,193884.71300000002,464572.72299999982
2016-08-11,6448,86096,77291.536,519437.74400000006
2016-08-12,11760,85994,145838.34599999993,599824.159
2016-08-13,6521,91685,82886.272,632019.64700000011
2016-08-14,7400,90692,96294.877999999982,665531.25000000023
2016-08-15,6925,89529,93021.247999999992,627011.052
2016-08-16,8896,87019,116770.71100000001,601900.94
2016-08-17,14445,80629,219618.55399999997,506327.14900000003
2016-08-18,6847,84889,78518.243999999992,498832.277
2016-08-19,12171,82149,143892.73,534874.38599999994
2016-08-20,7317,93092,98423.84599999999,730562.48999999987
2016-08-21,8091,92818,117194.43999999999,784675.71
2016-08-22,6907,87773,90131.19200000001,624735.042
2016-08-23,8720,84624,110056.552,550763.42600000009
2016-08-24,13484,78801,207600.10900000005,467012.939
2016-08-25,5714,83203,58081.234,496340.29500000022
2016-08-26,11058,80619,114127.29999999999,532570.973
2016-08-27,6313,92667,70013.31700000001,721034.21800000011
2016-08-28,7180,91733,84024.401999999987,774778.01800000016
2016-08-29,6096,87149,69024.458,602821.2790000001
2016-08-30,8397,83618,91224.678,533486.65699999989
2016-08-31,14079,81620,202351.562,529078.562
2016-09-01,6204,91168,70509.574,647595.99699999974
2016-09-02,11445,87513,145955.008,691174.58
2016-09-03,5986,98915,85416.611,972164.6
2016-09-04,6669,97733,99853.997,1010131.861
2016-09-05,5446,91798,75658.034,738105.26099999994
2016-09-06,7130,88626,98488.541,653094.484
2016-09-07,12437,81019,198202.76300000004,540341.15299999993
2016-09-08,5757,85515,52183.152,543666.147
2016-09-09,11435,81212,116977.51199999999,541991.515
2016-09-10,6595,95093,77227.242,838711.31699999992
2016-09-11,7187,95057,89995.229,927373.995
2016-09-12,5902,87847,63611.998,615164.461
2016-09-13,7836,83462,82604.141999999993,520823.80500000005
2016-09-14,13238,77003,175950.73999999996,448311.33200000005
2016-09-15,8373,82378,69947.407,498377.40600000019
2016-09-16,14453,79537,152870.731,539041.87000000011
2016-09-17,9645,92084,108689.44900000001,790529.84800000011
2016-09-18,10453,92275,131078.157,887584.50100000016
2016-09-19,8924,84843,88102,593057.342
2016-09-20,10992,81968,117048.80400000003,533931.518
2016-09-21,16166,75738,212808.83200000005,454119.568
2016-09-22,9185,80008,74557.853,458718.479
2016-09-23,14938,77927,148281.528,515404.457
2016-09-24,10165,91300,110949.815,750880.57500000019
2016-09-25,10902,90889,123510.73099999999,828841.81999999972
2016-09-26,9248,84570,88158.627000000008,576057.81300000008
2016-09-27,11118,79742,106152.23800000001,481756.08999999973
2016-09-28,15766,75483,189821.43600000002,441939.73900000006
2016-09-29,8746,79633,72875.196,447869.725
2016-09-30,14020,81799,150119.35799999998,553079.13300000026
2016-10-01,9040,99579,144859.619,1030174.039
2016-10-02,10009,97147,161520.989,1094959.181
2016-10-03,8527,90943,113209.991,719850.56799999974
2016-10-04,11381,85597,130868.97999999998,593244.116
2016-10-05,16510,79197,236883.89999999997,512828.39999999979
2016-10-06,8844,83311,82223.387999999992,499204.95199999993
2016-10-07,14565,80309,156407.616,641204.626
2016-10-08,9965,93162,121130.40800000001,811421.29899999977
2016-10-09,10957,93780,145218.16599999997,943033.314
2016-10-10,9518,87108,106662.51599999999,618650.33099999989
2016-10-11,11499,81445,120755.67499999999,504516.31900000008
2016-10-12,15499,77355,206103.00199999998,459023.07600000006
2016-10-13,9141,80696,90405.578,468454.313
2016-10-14,14622,79393,152044.43599999996,515909.77099999995
2016-10-15,9962,93680,112511.121,778102.46999999986
2016-10-16,11029,95179,144695.59100000001,959809.09700000018
2016-10-17,8913,87047,95076.189,615380.235
2016-10-18,10764,82090,113045.59100000001,517592.00099999993
2016-10-19,15074,77191,198045.986,449777.48299999995
2016-10-20,8438,83887,66518.131000000008,516483.14899999992
2016-10-21,13952,80112,142777.43,526676.112
2016-10-22,8824,92879,92917.624,750708.79200000013
2016-10-23,10108,94643,119767.884,903185.806
2016-10-24,8278,86427,87120,581387.645
2016-10-25,10318,82747,97246.991000000009,513343.907
2016-10-26,20046,71525,224989.667,408424.22399999993
2016-10-27,12296,78932,106634.03500000002,437727.44500000007
2016-10-28,18399,74597,186700.08699999994,452138.16499999986
2016-10-29,15002,88501,174403.12000000002,666671.57699999993
2016-10-30,15945,88580,215275.50499999998,739562.6860000001
2016-10-31,13089,82347,148541.67899999997,506381.824
2016-11-01,15036,86492,193109.566,618722.88000000012
2016-11-02,21832,82965,346118.503,622915.116
2016-11-03,13041,86855,155665.285,638146.39900000021
2016-11-04,17726,83254,241560.56500000003,616907.65100000007
2016-11-05,13143,88993,188567.884,699183.4149999998
2016-11-06,14731,91295,260051.57100000003,880315.53300000017
2016-11-07,12332,87928,179950.349,669500.69399999967
2016-11-08,13995,84403,188331.78499999997,579107.843
2016-11-09,21413,75582,321514.6,468762.239
2016-11-10,11964,79153,128300.161,459941.59799999988
2016-11-11,17688,76424,229812.91399999993,483583.5400000001
2016-11-12,13278,89808,219947.272,709855.50000000012
2016-11-13,14446,92699,280974.67,908007.56200000015
2016-11-14,10519,84288,155953.55400000003,579769.61899999983
2016-11-15,13178,80333,189266.87,502534.7589999999
2016-11-16,20041,76385,318750.29399999994,511636.44800000009
2016-11-17,9983,81433,112808.31,502419.94600000011
2016-11-18,15252,79599,195794.62500000003,542470.92700000014
2016-11-19,11708,93087,178749.63900000002,756905.362
2016-11-20,12877,94035,225149.63400000005,900029.35499999975
2016-11-21,11295,87548,148751.75400000002,624993.527
2016-11-22,13276,82452,168400.01099999997,521881.23999999987
2016-11-23,20488,75639,301394.659,452290.38199999987
2016-11-24,11234,80192,126896.24299999999,468561.06299999997
2016-11-25,17137,77791,244907.17100000003,492912.3139999999
2016-11-26,12489,91628,191546.82599999997,716519.99700000021
2016-11-27,13624,91992,224726.48399999997,831995.10799999989
2016-11-28,11861,85226,157635.67799999999,594948.09
2016-11-29,13347,80961,153111.891,492648.61699999997
2016-11-30,19424,78309,284127.369,483234.33499999996
2016-12-01,12985,89500,168967.978,674635.336
2016-12-02,18819,83100,242128.45600000006,611324.47500000009
2016-12-03,14279,98422,221115.892,892324.67500000016
2016-12-04,15186,98535,259077.80799999996,1017117.2279999999
2016-12-05,13159,90592,176926.554,719898.38499999989
2016-12-06,15573,88496,221155.40200000006,711390.98399999994
2016-12-07,26861,74561,362432.35099999997,505221.384
2016-12-08,13681,84098,126647.75600000001,547428.62700000009
2016-12-09,19275,80830,208734.633,566207.291
2016-12-10,14826,92913,166935.194,753115.55199999979
2016-12-11,16281,94932,212348.04099999994,906976.204
2016-12-12,13791,87660,148551.1,695700.60400000017
2016-12-13,16204,83220,169110.586,578051.03
2016-12-14,21728,78016,288727.513,541034.70600000012
2016-12-15,14623,84431,155979.218,591661.965
2016-12-16,20131,81157,248031.916,670867.87000000011
2016-12-17,15863,94529,220079.798,851575.83000000007
2016-12-18,17228,97024,266919.608,993552.3
2016-12-19,15014,91623,182715.289,845527.534
2016-12-20,17863,89084,228178.15199999997,850145.53800000006
2016-12-21,23427,84338,393671.63399999985,787635.6930000002
2016-12-22,15486,91052,228825.52999999997,907023.862
2016-12-23,21531,88917,324195.383,957950.134
2016-12-24,15250,96039,233879.61099999998,1012958.2319999998
2016-12-26,14818,93534,180660.917,852109.83199999982
2016-12-27,16147,87981,171556.11000000002,670918.37999999989
2016-12-28,23634,83202,345230.81,606302.904
2016-12-29,15877,90074,197457.29499999998,696650.942
2016-12-30,21974,88827,318722.80999999994,844920.22799999989
2016-12-31,15984,94314,204656.901,904355.91100000031
2017-01-01,170,1523,1001.098,11081.402999999998
2017-01-02,11812,102413,187671.888,1214633.483
2017-01-03,13906,96101,196126.28100000005,908250.79899999988
2017-01-04,22918,83729,360098.853,629994.61
2017-01-05,8550,93665,117865.716,659755.238
2017-01-06,15539,87113,208084.68000000005,631515.55799999984
2017-01-07,10406,101081,178436.07099999997,925370.22800000012
2017-01-08,11277,99976,208043.847,984499.90400000021
2017-01-09,9647,92430,137108.511,656578.386
2017-01-10,11820,88626,157769.31599999996,584866.253
2017-01-11,17301,82916,274430.00099999993,496312.68899999995
2017-01-12,9601,87035,109997.62299999999,519638.17100000009
2017-01-13,15674,84872,210548.99100000004,558349.9530000001
2017-01-14,10682,99727,188528.15700000004,832522.379
2017-01-15,11548,100237,224200.35899999997,951524.8069999998
2017-01-16,9912,93891,147796.84699999998,676691.819
2017-01-17,12064,88718,165510.392,585326.151
2017-01-18,18723,81912,287399.027,495256.99800000014
2017-01-19,9633,86654,104052.363,502897.38200000004
2017-01-20,14854,84168,182703.90899999999,542999.782
2017-01-21,10194,101561,179543.814,893177.91099999973
2017-01-22,11257,99850,199436.88999999998,948776.46899999992
2017-01-23,9356,94140,127108.532,671025.08
2017-01-24,11940,88619,159968.852,561306.923
2017-01-25,18532,81385,267621.94299999997,476720.65
2017-01-26,7562,88116,67048.033,509467.504
2017-01-27,13112,87561,143821.206,578292.753
2017-01-28,8264,103122,100971.56499999999,876878.841
2017-01-29,9260,102308,116782.923,958384.07000000007
2017-01-30,7330,93558,75215.363999999987,622907.4040000001
2017-01-31,10584,94335,123814.29299999999,654407.993
2017-02-01,16375,92678,265729.72700000007,696047.65600000008
2017-02-02,8017,96743,87014.90399999998,661867.82899999991
2017-02-03,13655,92106,165982.79899999994,668684.353
2017-02-04,8302,106782,108517.587,1024270.9550000002
2017-02-05,9052,103742,127104.66599999998,1024882.9650000001
2017-02-06,7734,96480,82966.647,703705.74699999986
2017-02-07,9964,92564,113584.203,625847.01000000013
2017-02-08,19103,82752,256590.769,527014.60799999989
2017-02-09,7213,90655,66846.022000000012,557541.466
2017-02-10,12607,88643,130041.31700000001,622165.92299999984
2017-02-11,7840,102605,88605.41399999999,856319.23900000018
2017-02-12,8800,102513,103602.308,971218.592
2017-02-13,7527,96692,78728.5,715585.932
2017-02-14,9653,89271,93078.483000000007,549534.70400000014
2017-02-15,17201,84751,222808.04299999998,522972.31200000003
2017-02-16,8104,91156,79126.987999999983,566841.269
2017-02-17,13615,88195,156285.64499999996,602570.06799999985
2017-02-18,8434,103123,118734.65400000001,944660.19000000006
2017-02-19,9119,96175,99718.45,759178.67300000018
2017-02-20,8008,94440,85913.819999999992,673206.24000000011
2017-02-21,10436,91219,117093.74199999998,600712.93500000017
2017-02-22,16096,84805,223476.22200000004,515911.81299999985
2017-02-23,8374,92581,89885.114,585693.38599999994
2017-02-24,14147,90577,165842.55700000003,650354.94199999992
2017-02-25,9005,104063,128696.32499999998,897314.89799999981
2017-02-26,9260,93734,113281.65299999999,662427.33500000008
2017-02-27,8398,92189,99828.736,645128.21200000017
2017-02-28,11215,96019,146796.03499999997,802570.794
2017-03-01,18621,91469,303757.165,704764.54500000016
2017-03-02,9186,97361,115752.88100000001,720472.29800000018
2017-03-03,15308,90920,197643.034,684996.74099999992
2017-03-04,9661,104109,145502.272,980234.0750000003
2017-03-05,10362,102170,163111.797,1033871.8929999998
2017-03-06,8100,94501,106328.806,683814.43499999994
2017-03-07,10556,91802,142405.234,619461.496
2017-03-08,16073,85475,247041.86399999994,534004.798
2017-03-09,7340,91854,94356.737,559544.455
2017-03-10,13248,88524,179561.34100000004,594293.966
2017-03-11,7610,102763,142721.021,858453.41300000018
2017-03-12,8594,102825,179250.99599999998,966755.83100000012
2017-03-13,7142,94724,109805.039,644585.34100000013
2017-03-14,9650,90296,145453.43499999997,555544.6
2017-03-15,15436,88453,267467.632,548154.25499999977
2017-03-16,7569,93385,118208.754,580899.41300000006
2017-03-17,14263,88958,205874.73199999996,606432.04200000013
2017-03-18,8705,102928,173532.39,865374.17600000033
2017-03-19,9579,101975,209920.626,947220.013
2017-03-20,8349,96152,136019.936,690402.974
2017-03-21,11112,90913,162113.715,584507.21099999989
2017-03-22,16052,84872,264611.30500000005,503269.49999999988
2017-03-23,6839,91043,129038.344,541809.66600000008
2017-03-24,13150,88460,205963.806,581939.32
2017-03-25,8520,102782,189878.821,848260.496
2017-03-26,9434,100584,211604.896,889952.58100000012
2017-03-27,7884,94190,144477.655,639625.6100000001
2017-03-28,10654,88819,172216.384,530727.56500000006
2017-03-29,17151,85742,299456.843,525176.142
2017-03-30,9116,90110,97734.585999999981,539889.75500000024
2017-03-31,14027,92020,192077.646,686672.39200000023
2017-04-01,7450,110672,169479.191,1293604.7719999994
2017-04-02,7946,102741,149083.81,989566.2489999996
2017-04-03,6545,97121,119097.265,716094.35699999973
2017-04-04,9316,95657,158017.503,677585.13300000015
2017-04-05,15094,89157,251025.595,595605.71299999987
2017-04-06,6973,93503,104905.227,578154.34299999988
2017-04-07,12478,89270,159102.37199999997,606399.83999999985
2017-04-08,7567,102814,116307.569,872282.90099999984
2017-04-09,8423,101790,141959.911,959753.74600000016
2017-04-10,6662,94945,96513.775000000009,642878.3559999998
2017-04-11,9681,90979,151893.386,589438.044
2017-04-12,18094,82338,292074.859,499687.45399999985
2017-04-13,10215,92227,102117.49999999999,634912.06499999971
2017-04-14,15812,86031,151961.90600000002,588927.58
2017-04-15,10690,97820,126792.814,771817.4040000001
2017-04-16,11676,96831,143614.375,841879.42100000009
2017-04-17,10152,93246,111151.30299999999,664765.60299999989
2017-04-18,11980,89039,136494.28,580702.0360000002
2017-04-19,19618,79693,256344.35899999994,479388.855
2017-04-20,11231,90373,103579.67199999999,572223.34999999986
2017-04-21,18291,86406,202856.88799999998,592939.00599999994
2017-04-22,12972,99009,163836.639,811116.179
2017-04-23,14276,99733,196016.769,944053.506
2017-04-24,12476,91560,130948.30899999998,624124.22200000007
2017-04-25,14844,87856,154719.85300000003,564276.228
2017-04-26,21140,82260,286814.78899999993,494344.49400000006
2017-04-27,12602,87181,116152.508,508757.518
2017-04-28,18991,86000,205652.255,591984.37000000011
2017-04-29,13643,102219,177373.53,890905.28600000008
2017-04-30,14204,99211,177498.50300000003,863750.74499999976
2017-05-01,12733,104383,202717.18499999997,1103982.1819999996
2017-05-02,14155,94183,178417.47599999997,728900.61799999978
2017-05-03,21181,86253,325107.512,599139.74499999988
2017-05-04,10040,92567,118345.783,598308.82599999988
2017-05-05,15908,86838,188476.49599999998,592321.91100000008
2017-05-06,10346,103658,134626.261,904791.60100000026
2017-05-07,11503,104161,159828.73,1067551.878
2017-05-08,9552,94220,110438.851,665868.644
2017-05-09,12040,90107,137987.17,577824.029
2017-05-10,20292,81631,271527.41699999996,494574.49000000017
2017-05-11,11109,88221,118495.02299999999,530155.39
2017-05-12,16721,84827,192936.38999999998,571875.026
2017-05-13,12225,102382,162615.665,954361.22500000009
2017-05-14,12682,95780,134841.372,749358.542
2017-05-15,11265,94526,133063.499,689972.07299999986
2017-05-16,13685,92382,159054.07000000004,648748.82500000007
2017-05-17,18617,86049,291787.748,549619.85999999987
2017-05-18,10594,88027,103609.57599999999,524878.41400000011
2017-05-19,15706,86808,195734.239,578041.19899999979
2017-05-20,10841,102653,162480.878,873186.50400000031
2017-05-21,12033,103111,185133.914,1016804.9719999998
2017-05-22,10039,94399,116800.389,662134.767
2017-05-23,12292,90677,140590.764,582561.004
2017-05-24,20850,80826,258727.47999999992,487576.147
2017-05-25,9527,88792,88425.442,531682.80199999991
2017-05-26,16458,94386,223208.39900000003,761302.75299999979
2017-05-27,10604,100505,132583.067,799636.82599999977
2017-05-28,11854,100437,152319.555,909452.0830000001
2017-05-29,10056,94040,110935.605,665877.532
2017-05-30,12281,91102,145442.49000000002,597028.78700000013
2017-05-31,17457,89050,271591.515,586470.634
2017-06-01,3498,102569,37259.648,729598.52500000014
2017-06-02,13480,94284,199488.76599999997,718932.55300000007
2017-06-03,9337,106659,173265.198,1002872.9109999995
2017-06-04,10512,106562,222246.60799999998,1154264.9119999998
2017-06-05,8750,97596,157584.279,755108.57199999993
2017-06-06,11319,92346,175666.003,629880.64499999979
2017-06-07,17369,85769,306082.096,536897.741
2017-06-08,10621,88410,138238.23400000003,528861.56699999992
2017-06-09,15713,86441,200374.983,594700.153
2017-06-10,11792,99051,176737.90999999997,816994.77400000044
2017-06-11,13187,100803,226013.238,987660.70899999992
2017-06-12,10854,91810,143053.41700000002,625296.34200000006
2017-06-13,13186,87708,172405.159,557007.801
2017-06-14,20019,81035,300534.661,485351.24799999991
2017-06-15,10081,90571,102208.29999999999,558130.0469999999
2017-06-16,15820,88691,187897.59399999995,646888.834
2017-06-17,11567,102581,156828.80200000003,939304.749
2017-06-18,12259,97630,162998.78499999995,802145.336
2017-06-19,10399,93759,116500.87499999999,674645.51899999985
2017-06-20,13072,90593,154770.83899999998,632555.87799999991
2017-06-21,21009,81027,277826.27999999991,488332.73099999991
2017-06-22,11621,86588,96076.285,513781.54600000003
2017-06-23,17672,85044,182972.00900000002,578077.736
2017-06-24,12262,99442,140250.97699999998,823017.25000000023
2017-06-25,13371,99012,163683.581,928927.27899999986
2017-06-26,10857,92525,109966.952,645400.893
2017-06-27,13169,87697,136732.744,545485.725
2017-06-28,20138,81159,251521.14499999996,480375.84000000008
2017-06-29,13403,86223,116847.84700000001,513963.95599999989
2017-06-30,18245,86867,200592.03200000004,601681.107
2017-07-01,13017,105177,182654.60900000003,1024875.3130000001
2017-07-02,13882,103404,204578.71300000002,1091800.5040000002
2017-07-03,12329,96911,145119.428,780023.981
2017-07-04,14888,91769,171259.07,661100.21600000013
2017-07-05,23049,82344,303645.088,540656.525
2017-07-06,13192,88882,144079.34,556192.66999999981
2017-07-07,18485,85550,220239.568,585552.73400000017
2017-07-08,13428,98623,187564.663,810782.52999999991
2017-07-09,14273,98316,206351.98600000003,894481.337
2017-07-10,12239,92105,152995.727,651163.134
2017-07-11,14429,87123,175420.20899999994,555112.55899999989
2017-07-12,20226,81342,270814.09700000007,477985.899
2017-07-13,10199,87526,121663.3,507988.06299999997
2017-07-14,16059,85796,213761.07499999998,551728.542
2017-07-15,11079,100023,187812.41300000003,781264.71199999971
2017-07-16,11720,100221,207200.239,893603.46
2017-07-17,10056,94454,148458.71500000003,669866.80700000026
2017-07-18,12065,89342,164630.84900000005,565502.86
2017-07-19,18201,82893,281349.12299999996,486629.65499999997
2017-07-20,10708,89376,140141.89800000002,548146.17000000027
2017-07-21,15340,86770,205289.14600000004,577129.15299999982
2017-07-22,10070,99720,160054.90999999997,772847.1370000001
2017-07-23,10870,99417,171289.252,852999.48900000018
2017-07-24,9448,95729,131522.697,685041.63000000012
2017-07-25,11325,89874,142451.24500000002,571130.38799999992
2017-07-26,18725,81474,261716.53700000004,478936.507
2017-07-27,8001,89435,137723.60299999997,522126.22400000005
2017-07-28,13850,89222,237983.798,597114.884
2017-07-29,9099,102222,214852.88499999998,817457.981
2017-07-30,10227,101266,245787.04099999997,877965.437
2017-07-31,8649,97727,159737.307,726119.53400000022
2017-08-01,10150,99237,207010.45299999995,781517.31000000017
2017-08-02,16524,90883,317766.625,646945.391
2017-08-03,7859,94380,101190.55300000001,626877.93200000015
2017-08-04,14193,89986,180499.54200000002,647276.14399999985
2017-08-05,8684,102200,111890.72299999998,853802.927
2017-08-06,9565,101277,128920.66599999998,920638.49800000014
2017-08-07,8209,95665,103500.05900000001,693964.9049999998
2017-08-08,10638,90517,127374.92400000001,590391.42499999981
2017-08-09,16117,84875,220313.268,513826.40599999984
2017-08-10,7917,90635,84630.056,566756.8559999998
2017-08-11,14179,90420,168956.85800000004,657416.86399999983
2017-08-12,8312,96880,100072.669,692557.86599999981
2017-08-13,9283,96821,111819.101,753820.57599999988
2017-08-14,8043,94707,97298.369,663624.03700000013
2017-08-15,10605,92207,136971.927,625690.00900000019
